EventID,UtcTime,Image,ProcessId,ParentProcessId,FileName,TargetFilename,Hash,Entropy,FileAccessCount,ModificationCount,AccessInterval,ProcessName,ParentProcessName,FileType,Label
1,2025-10-15T12:03:24Z,C:\Windows\System32\explorer.exe,5456,532,finance.xlsx,C:\Users\Admin\Documents\finance.xlsx,163ae341,3.6,1,2,4.03,explorer.exe,cmd.exe,Real,0
12,2025-10-15T12:31:45Z,C:\Windows\System32\notepad.exe,4278,1328,data.csv,C:\Users\Admin\Documents\data.csv,a3f1c46a,3.55,4,2,3.26,notepad.exe,cmd.exe,Real,0
11,2025-10-15T13:35:19Z,C:\Windows\System32\trap.exe,5112,599,finance.xlsx,C:\Users\Admin\Documents\finance.xlsx,53c98beb,2.82,1,0,4.29,trap.exe,powershell.exe,Real,0
12,2025-10-15T13:22:25Z,C:\Windows\System32\explorer.exe,6522,800,passwords.txt,C:\Users\Admin\honeypot\passwords.txt,f4849984,7.63,11,5,0.49,explorer.exe,explorer.exe,Decoy,1
1,2025-10-15T13:18:49Z,C:\Windows\System32\winword.exe,2827,889,data.csv,C:\Users\Admin\honeypot\data.csv,8166249e,7.38,6,6,0.22,winword.exe,explorer.exe,Decoy,1
1,2025-10-15T12:22:12Z,C:\Windows\System32\enc.exe,6990,1150,data.csv,C:\Users\Admin\honeypot\data.csv,ae73a823,7.41,15,5,0.47,enc.exe,powershell.exe,Decoy,1
11,2025-10-15T12:22:18Z,C:\Windows\System32\crypt.exe,3876,1341,data.csv,C:\Users\Admin\Documents\data.csv,d930b84a,3.53,3,0,2.66,crypt.exe,services.exe,Real,0
1,2025-10-15T12:54:46Z,C:\Windows\System32\explorer.exe,5241,1405,project.docx,C:\Users\Admin\honeypot\project.docx,b0579678,7.9,15,8,0.23,explorer.exe,explorer.exe,Decoy,1
1,2025-10-15T12:19:30Z,C:\Windows\System32\explorer.exe,6780,908,data.csv,C:\Users\Admin\honeypot\data.csv,0c7f82e1,7.65,14,8,0.21,explorer.exe,cmd.exe,Decoy,1
1,2025-10-15T13:09:34Z,C:\Windows\System32\crypt.exe,2520,894,report.docx,C:\Users\Admin\Documents\report.docx,b94db2db,2.73,4,2,2.48,crypt.exe,explorer.exe,Real,0
12,2025-10-15T13:12:14Z,C:\Windows\System32\explorer.exe,4786,614,data.csv,C:\Users\Admin\honeypot\data.csv,2d3b8ee2,7.29,9,10,0.45,explorer.exe,explorer.exe,Decoy,1
12,2025-10-15T13:01:56Z,C:\Windows\System32\notepad.exe,6158,1123,finance.xlsx,C:\Users\Admin\Documents\finance.xlsx,553c6195,3.26,3,2,2.32,notepad.exe,powershell.exe,Real,0
12,2025-10-15T13:44:06Z,C:\Windows\System32\powershell.exe,3961,559,secret.txt,C:\Users\Admin\honeypot\secret.txt,d213a6aa,7.59,10,7,0.14,powershell.exe,explorer.exe,Decoy,1
12,2025-10-15T12:11:41Z,C:\Windows\System32\crypt.exe,6322,1393,finance.xlsx,C:\Users\Admin\Documents\finance.xlsx,6b31210b,2.69,2,1,3.43,crypt.exe,explorer.exe,Real,0
11,2025-10-15T13:13:37Z,C:\Windows\System32\winword.exe,4030,730,data.csv,C:\Users\Admin\Documents\data.csv,f9ee611e,3.47,4,0,3.31,winword.exe,powershell.exe,Real,0
1,2025-10-15T13:20:19Z,C:\Windows\System32\winword.exe,4706,572,report.docx,C:\Users\Admin\Documents\report.docx,96dcd5c8,3.56,1,0,2.18,winword.exe,cmd.exe,Real,0
12,2025-10-15T13:31:20Z,C:\Windows\System32\crypt.exe,3990,1303,finance.xlsx,C:\Users\Admin\honeypot\finance.xlsx,afc28e49,7.78,14,8,0.45,crypt.exe,cmd.exe,Decoy,1
12,2025-10-15T12:25:59Z,C:\Windows\System32\cmd.exe,7353,1161,passwords.txt,C:\Users\Admin\honeypot\passwords.txt,31c890a5,7.48,5,10,0.26,cmd.exe,explorer.exe,Decoy,1
1,2025-10-15T13:39:25Z,C:\Windows\System32\enc.exe,4281,973,finance.xlsx,C:\Users\Admin\honeypot\finance.xlsx,619721bd,7.35,11,6,0.28,enc.exe,explorer.exe,Decoy,1
12,2025-10-15T13:00:30Z,C:\Windows\System32\cmd.exe,5329,997,project.docx,C:\Users\Admin\Documents\project.docx,d4f6ce52,3.75,2,0,4.91,cmd.exe,explorer.exe,Real,0
1,2025-10-15T12:08:00Z,C:\Windows\System32\powershell.exe,5465,1213,passwords.txt,C:\Users\Admin\honeypot\passwords.txt,1a7063f2,7.41,12,7,0.41,powershell.exe,services.exe,Decoy,1
1,2025-10-15T12:21:08Z,C:\Windows\System32\winword.exe,2410,1098,report.docx,C:\Users\Admin\honeypot\report.docx,75924178,7.66,10,5,0.32,winword.exe,powershell.exe,Decoy,1
1,2025-10-15T12:07:45Z,C:\Windows\System32\cmd.exe,6666,752,project.docx,C:\Users\Admin\Documents\project.docx,a7eb3ce6,2.6,4,0,4.59,cmd.exe,cmd.exe,Real,0
12,2025-10-15T13:24:33Z,C:\Windows\System32\cmd.exe,7486,1233,project.docx,C:\Users\Admin\Documents\project.docx,96202396,3.35,3,0,2.95,cmd.exe,services.exe,Real,0
11,2025-10-15T12:54:02Z,C:\Windows\System32\powershell.exe,7088,1076,secret.txt,C:\Users\Admin\honeypot\secret.txt,f7d027fa,7.94,5,8,0.47,powershell.exe,powershell.exe,Decoy,1
1,2025-10-15T13:13:24Z,C:\Windows\System32\winword.exe,3292,948,secret.txt,C:\Users\Admin\Documents\secret.txt,76e81866,3.82,3,1,4.64,winword.exe,powershell.exe,Real,0
12,2025-10-15T13:23:30Z,C:\Windows\System32\notepad.exe,6532,659,report.docx,C:\Users\Admin\honeypot\report.docx,4fa8007e,7.95,6,5,0.15,notepad.exe,powershell.exe,Decoy,1
12,2025-10-15T13:37:58Z,C:\Windows\System32\enc.exe,2756,1149,data.csv,C:\Users\Admin\Documents\data.csv,75d785f8,3.78,3,0,3.52,enc.exe,cmd.exe,Real,0
1,2025-10-15T12:06:01Z,C:\Windows\System32\notepad.exe,7780,937,data.csv,C:\Users\Admin\honeypot\data.csv,d0ddd3f6,7.98,12,9,0.16,notepad.exe,powershell.exe,Decoy,1
11,2025-10-15T12:10:16Z,C:\Windows\System32\powershell.exe,4987,1420,project.docx,C:\Users\Admin\Documents\project.docx,6cc25509,3.33,1,1,3.29,powershell.exe,explorer.exe,Real,0
12,2025-10-15T12:48:51Z,C:\Windows\System32\winword.exe,3266,1447,report.docx,C:\Users\Admin\Documents\report.docx,59a10050,3.03,4,2,3.68,winword.exe,cmd.exe,Real,0
1,2025-10-15T13:49:12Z,C:\Windows\System32\powershell.exe,4032,773,finance.xlsx,C:\Users\Admin\Documents\finance.xlsx,790e11ae,3.6,4,2,3.0,powershell.exe,services.exe,Real,0
1,2025-10-15T12:52:13Z,C:\Windows\System32\notepad.exe,3826,524,finance.xlsx,C:\Users\Admin\Documents\finance.xlsx,4f509ad0,3.72,3,0,3.38,notepad.exe,services.exe,Real,0
11,2025-10-15T12:44:49Z,C:\Windows\System32\explorer.exe,2226,618,secret.txt,C:\Users\Admin\honeypot\secret.txt,0030b671,7.71,13,7,0.26,explorer.exe,explorer.exe,Decoy,1
1,2025-10-15T12:24:22Z,C:\Windows\System32\explorer.exe,6966,1023,project.docx,C:\Users\Admin\honeypot\project.docx,7f017e2e,7.55,10,8,0.39,explorer.exe,explorer.exe,Decoy,1
1,2025-10-15T12:34:46Z,C:\Windows\System32\notepad.exe,5533,571,project.docx,C:\Users\Admin\Documents\project.docx,308e5099,3.89,2,1,3.62,notepad.exe,services.exe,Real,0
12,2025-10-15T13:25:04Z,C:\Windows\System32\enc.exe,7711,802,secret.txt,C:\Users\Admin\honeypot\secret.txt,83478f39,7.61,10,8,0.37,enc.exe,explorer.exe,Decoy,1
12,2025-10-15T12:57:24Z,C:\Windows\System32\trap.exe,4350,715,project.docx,C:\Users\Admin\Documents\project.docx,eaa482cf,2.95,1,1,3.64,trap.exe,cmd.exe,Real,0
12,2025-10-15T13:03:29Z,C:\Windows\System32\crypt.exe,2694,790,finance.xlsx,C:\Users\Admin\honeypot\finance.xlsx,55a5d38e,7.61,7,10,0.42,crypt.exe,services.exe,Decoy,1
1,2025-10-15T12:12:45Z,C:\Windows\System32\winword.exe,2596,966,finance.xlsx,C:\Users\Admin\honeypot\finance.xlsx,d792035a,7.32,12,9,0.12,winword.exe,powershell.exe,Decoy,1
11,2025-10-15T13:38:04Z,C:\Windows\System32\trap.exe,3792,680,finance.xlsx,C:\Users\Admin\Documents\finance.xlsx,b8dadc02,2.72,1,1,4.06,trap.exe,services.exe,Real,0
11,2025-10-15T12:06:51Z,C:\Windows\System32\winword.exe,4599,1472,finance.xlsx,C:\Users\Admin\honeypot\finance.xlsx,687ec167,7.84,13,9,0.37,winword.exe,explorer.exe,Decoy,1
1,2025-10-15T13:23:38Z,C:\Windows\System32\trap.exe,4271,1284,data.csv,C:\Users\Admin\honeypot\data.csv,e8d44fe0,7.89,8,10,0.28,trap.exe,services.exe,Decoy,1
11,2025-10-15T13:25:34Z,C:\Windows\System32\winword.exe,6424,582,report.docx,C:\Users\Admin\honeypot\report.docx,2a99b1fe,7.77,10,7,0.19,winword.exe,powershell.exe,Decoy,1
1,2025-10-15T12:52:17Z,C:\Windows\System32\powershell.exe,3694,1352,passwords.txt,C:\Users\Admin\Documents\passwords.txt,2e735172,3.11,4,0,3.63,powershell.exe,cmd.exe,Real,0
1,2025-10-15T13:56:58Z,C:\Windows\System32\trap.exe,6473,1319,secret.txt,C:\Users\Admin\Documents\secret.txt,6af0449e,2.95,4,2,3.17,trap.exe,services.exe,Real,0
11,2025-10-15T13:06:39Z,C:\Windows\System32\winword.exe,3352,1360,passwords.txt,C:\Users\Admin\Documents\passwords.txt,66d8c9a1,2.54,4,2,3.01,winword.exe,powershell.exe,Real,0
12,2025-10-15T13:24:57Z,C:\Windows\System32\notepad.exe,5782,686,project.docx,C:\Users\Admin\Documents\project.docx,480548fd,3.49,4,0,2.25,notepad.exe,services.exe,Real,0
11,2025-10-15T12:44:41Z,C:\Windows\System32\winword.exe,2670,981,secret.txt,C:\Users\Admin\honeypot\secret.txt,e71a0bbf,7.81,11,7,0.25,winword.exe,services.exe,Decoy,1
12,2025-10-15T12:47:46Z,C:\Windows\System32\winword.exe,7089,656,report.docx,C:\Users\Admin\Documents\report.docx,a14ea5be,3.63,2,0,4.85,winword.exe,explorer.exe,Real,0
11,2025-10-15T13:31:24Z,C:\Windows\System32\cmd.exe,7884,617,data.csv,C:\Users\Admin\honeypot\data.csv,41670103,7.4,14,9,0.25,cmd.exe,cmd.exe,Decoy,1
11,2025-10-15T12:42:28Z,C:\Windows\System32\cmd.exe,3624,577,project.docx,C:\Users\Admin\Documents\project.docx,7715f9fa,3.52,4,2,4.87,cmd.exe,explorer.exe,Real,0
12,2025-10-15T12:13:54Z,C:\Windows\System32\explorer.exe,6144,1163,report.docx,C:\Users\Admin\Documents\report.docx,0bdc78e4,3.02,3,0,3.29,explorer.exe,explorer.exe,Real,0
11,2025-10-15T13:52:16Z,C:\Windows\System32\crypt.exe,3442,1251,secret.txt,C:\Users\Admin\honeypot\secret.txt,da6383b0,7.71,7,8,0.43,crypt.exe,explorer.exe,Decoy,1
11,2025-10-15T13:24:05Z,C:\Windows\System32\crypt.exe,4284,1402,data.csv,C:\Users\Admin\honeypot\data.csv,15cbadbd,7.67,8,5,0.23,crypt.exe,services.exe,Decoy,1
1,2025-10-15T13:17:48Z,C:\Windows\System32\trap.exe,4116,848,passwords.txt,C:\Users\Admin\honeypot\passwords.txt,e8ead731,7.88,8,7,0.17,trap.exe,powershell.exe,Decoy,1
1,2025-10-15T13:15:53Z,C:\Windows\System32\notepad.exe,5900,1161,finance.xlsx,C:\Users\Admin\honeypot\finance.xlsx,7e9adfe1,7.78,8,10,0.3,notepad.exe,cmd.exe,Decoy,1
11,2025-10-15T13:48:15Z,C:\Windows\System32\notepad.exe,5023,984,finance.xlsx,C:\Users\Admin\honeypot\finance.xlsx,930891fa,7.52,15,9,0.2,notepad.exe,explorer.exe,Decoy,1
12,2025-10-15T12:58:05Z,C:\Windows\System32\enc.exe,3577,823,passwords.txt,C:\Users\Admin\honeypot\passwords.txt,2f78d266,7.42,6,10,0.2,enc.exe,powershell.exe,Decoy,1
11,2025-10-15T12:26:09Z,C:\Windows\System32\winword.exe,3590,803,data.csv,C:\Users\Admin\Documents\data.csv,69b27895,3.38,3,0,4.28,winword.exe,services.exe,Real,0
11,2025-10-15T12:41:16Z,C:\Windows\System32\notepad.exe,6021,605,report.docx,C:\Users\Admin\Documents\report.docx,64faecb4,3.96,2,2,3.66,notepad.exe,cmd.exe,Real,0
11,2025-10-15T13:04:05Z,C:\Windows\System32\crypt.exe,2535,910,finance.xlsx,C:\Users\Admin\honeypot\finance.xlsx,2d8cb949,7.97,12,5,0.2,crypt.exe,services.exe,Decoy,1
1,2025-10-15T12:20:42Z,C:\Windows\System32\powershell.exe,5116,961,finance.xlsx,C:\Users\Admin\Documents\finance.xlsx,655138f4,2.68,2,2,4.29,powershell.exe,powershell.exe,Real,0
12,2025-10-15T13:57:26Z,C:\Windows\System32\trap.exe,7124,716,project.docx,C:\Users\Admin\honeypot\project.docx,84805174,7.25,6,6,0.48,trap.exe,powershell.exe,Decoy,1
12,2025-10-15T12:21:26Z,C:\Windows\System32\winword.exe,2267,737,report.docx,C:\Users\Admin\Documents\report.docx,a918caef,2.73,4,1,3.23,winword.exe,cmd.exe,Real,0
12,2025-10-15T13:35:58Z,C:\Windows\System32\crypt.exe,7416,1323,finance.xlsx,C:\Users\Admin\honeypot\finance.xlsx,18a53157,7.94,15,9,0.42,crypt.exe,explorer.exe,Decoy,1
11,2025-10-15T12:15:40Z,C:\Windows\System32\winword.exe,6662,1443,finance.xlsx,C:\Users\Admin\honeypot\finance.xlsx,c34325de,7.26,9,9,0.17,winword.exe,cmd.exe,Decoy,1
11,2025-10-15T13:03:59Z,C:\Windows\System32\explorer.exe,4640,1118,project.docx,C:\Users\Admin\Documents\project.docx,0c35c701,3.31,1,1,3.31,explorer.exe,services.exe,Real,0
12,2025-10-15T12:31:15Z,C:\Windows\System32\notepad.exe,3486,1099,report.docx,C:\Users\Admin\Documents\report.docx,88ee35a6,3.64,4,1,2.53,notepad.exe,powershell.exe,Real,0
11,2025-10-15T12:12:27Z,C:\Windows\System32\crypt.exe,5372,1210,secret.txt,C:\Users\Admin\honeypot\secret.txt,b6ba1f47,7.46,7,7,0.14,crypt.exe,powershell.exe,Decoy,1
1,2025-10-15T13:51:04Z,C:\Windows\System32\notepad.exe,2009,1173,secret.txt,C:\Users\Admin\honeypot\secret.txt,ef955020,7.4,11,9,0.15,notepad.exe,services.exe,Decoy,1
12,2025-10-15T12:56:25Z,C:\Windows\System32\notepad.exe,3667,773,secret.txt,C:\Users\Admin\honeypot\secret.txt,bdc77ae7,7.7,12,5,0.3,notepad.exe,cmd.exe,Decoy,1
1,2025-10-15T12:59:49Z,C:\Windows\System32\crypt.exe,6512,514,data.csv,C:\Users\Admin\honeypot\data.csv,54f9ca87,7.69,7,7,0.2,crypt.exe,explorer.exe,Decoy,1
1,2025-10-15T12:30:40Z,C:\Windows\System32\cmd.exe,7778,779,data.csv,C:\Users\Admin\Documents\data.csv,88982aaf,3.75,3,2,3.5,cmd.exe,services.exe,Real,0
12,2025-10-15T13:04:28Z,C:\Windows\System32\winword.exe,3118,1384,finance.xlsx,C:\Users\Admin\honeypot\finance.xlsx,b7557225,7.51,13,10,0.47,winword.exe,services.exe,Decoy,1
11,2025-10-15T12:46:24Z,C:\Windows\System32\explorer.exe,3217,957,data.csv,C:\Users\Admin\honeypot\data.csv,e9117387,7.44,15,8,0.33,explorer.exe,explorer.exe,Decoy,1
11,2025-10-15T12:45:23Z,C:\Windows\System32\trap.exe,5365,544,finance.xlsx,C:\Users\Admin\honeypot\finance.xlsx,26bc6c07,7.98,11,6,0.2,trap.exe,services.exe,Decoy,1
12,2025-10-15T13:36:17Z,C:\Windows\System32\trap.exe,6114,1488,data.csv,C:\Users\Admin\honeypot\data.csv,3ced148b,7.98,5,6,0.3,trap.exe,services.exe,Decoy,1
12,2025-10-15T13:59:21Z,C:\Windows\System32\crypt.exe,5846,1300,passwords.txt,C:\Users\Admin\Documents\passwords.txt,fb6586fe,2.52,2,0,2.43,crypt.exe,explorer.exe,Real,0
11,2025-10-15T13:25:05Z,C:\Windows\System32\trap.exe,7887,1408,data.csv,C:\Users\Admin\honeypot\data.csv,2b44595e,7.89,10,10,0.25,trap.exe,explorer.exe,Decoy,1
12,2025-10-15T13:24:18Z,C:\Windows\System32\cmd.exe,2806,1278,data.csv,C:\Users\Admin\Documents\data.csv,7341e809,3.88,1,1,4.99,cmd.exe,cmd.exe,Real,0
1,2025-10-15T13:00:34Z,C:\Windows\System32\powershell.exe,5528,649,report.docx,C:\Users\Admin\Documents\report.docx,2f46d979,2.99,3,1,2.17,powershell.exe,powershell.exe,Real,0
1,2025-10-15T13:17:16Z,C:\Windows\System32\powershell.exe,6076,1434,report.docx,C:\Users\Admin\honeypot\report.docx,cf1d0bcd,7.69,15,6,0.25,powershell.exe,cmd.exe,Decoy,1
11,2025-10-15T13:02:57Z,C:\Windows\System32\explorer.exe,6477,661,data.csv,C:\Users\Admin\Documents\data.csv,96624876,2.51,3,2,4.41,explorer.exe,services.exe,Real,0
12,2025-10-15T13:20:13Z,C:\Windows\System32\explorer.exe,2873,742,secret.txt,C:\Users\Admin\honeypot\secret.txt,26bc8e8b,7.57,11,8,0.22,explorer.exe,services.exe,Decoy,1
1,2025-10-15T13:18:28Z,C:\Windows\System32\explorer.exe,2401,1432,data.csv,C:\Users\Admin\honeypot\data.csv,603932d3,7.52,15,10,0.1,explorer.exe,powershell.exe,Decoy,1
12,2025-10-15T13:53:42Z,C:\Windows\System32\explorer.exe,7905,1285,secret.txt,C:\Users\Admin\honeypot\secret.txt,5fe63a44,7.38,9,10,0.18,explorer.exe,cmd.exe,Decoy,1
11,2025-10-15T13:25:46Z,C:\Windows\System32\cmd.exe,4417,834,passwords.txt,C:\Users\Admin\Documents\passwords.txt,4d562db5,2.55,2,0,3.09,cmd.exe,explorer.exe,Real,0
12,2025-10-15T12:27:24Z,C:\Windows\System32\powershell.exe,4417,1264,project.docx,C:\Users\Admin\Documents\project.docx,e349a88b,3.87,3,1,4.49,powershell.exe,powershell.exe,Real,0
1,2025-10-15T13:03:56Z,C:\Windows\System32\cmd.exe,5232,514,data.csv,C:\Users\Admin\Documents\data.csv,45f13f46,3.59,3,0,4.94,cmd.exe,cmd.exe,Real,0
12,2025-10-15T13:02:05Z,C:\Windows\System32\enc.exe,3915,982,passwords.txt,C:\Users\Admin\Documents\passwords.txt,48e64476,3.73,1,2,4.82,enc.exe,powershell.exe,Real,0
12,2025-10-15T13:23:17Z,C:\Windows\System32\winword.exe,3145,546,passwords.txt,C:\Users\Admin\honeypot\passwords.txt,45ac3487,7.93,11,5,0.22,winword.exe,explorer.exe,Decoy,1
1,2025-10-15T13:07:15Z,C:\Windows\System32\cmd.exe,7705,1468,project.docx,C:\Users\Admin\honeypot\project.docx,8a74d06f,7.31,15,10,0.28,cmd.exe,explorer.exe,Decoy,1
12,2025-10-15T12:56:38Z,C:\Windows\System32\cmd.exe,5632,955,passwords.txt,C:\Users\Admin\Documents\passwords.txt,46336bc4,3.91,3,0,2.84,cmd.exe,services.exe,Real,0
1,2025-10-15T12:13:33Z,C:\Windows\System32\enc.exe,7429,717,passwords.txt,C:\Users\Admin\honeypot\passwords.txt,63484cb5,7.42,12,5,0.49,enc.exe,powershell.exe,Decoy,1
1,2025-10-15T12:06:54Z,C:\Windows\System32\enc.exe,3769,1332,project.docx,C:\Users\Admin\Documents\project.docx,db6fd507,2.81,2,2,4.49,enc.exe,cmd.exe,Real,0
11,2025-10-15T13:45:43Z,C:\Windows\System32\powershell.exe,7415,1387,finance.xlsx,C:\Users\Admin\honeypot\finance.xlsx,4b4c41f8,7.99,7,5,0.32,powershell.exe,explorer.exe,Decoy,1
1,2025-10-15T12:48:54Z,C:\Windows\System32\winword.exe,2931,1263,finance.xlsx,C:\Users\Admin\Documents\finance.xlsx,2d239299,2.9,4,2,2.38,winword.exe,powershell.exe,Real,0
11,2025-10-15T13:46:13Z,C:\Windows\System32\enc.exe,4470,969,project.docx,C:\Users\Admin\honeypot\project.docx,2e69194c,7.38,15,9,0.35,enc.exe,explorer.exe,Decoy,1
11,2025-10-15T12:08:18Z,C:\Windows\System32\crypt.exe,2661,829,data.csv,C:\Users\Admin\Documents\data.csv,87e63d23,2.66,4,0,4.14,crypt.exe,services.exe,Real,0
11,2025-10-15T12:17:13Z,C:\Windows\System32\explorer.exe,7748,617,project.docx,C:\Users\Admin\Documents\project.docx,ea724aa3,3.3,4,0,3.36,explorer.exe,powershell.exe,Real,0
11,2025-10-15T12:58:43Z,C:\Windows\System32\crypt.exe,5496,820,secret.txt,C:\Users\Admin\Documents\secret.txt,7ed52077,3.74,1,1,3.2,crypt.exe,cmd.exe,Real,0
1,2025-10-15T12:20:50Z,C:\Windows\System32\crypt.exe,6557,561,report.docx,C:\Users\Admin\honeypot\report.docx,64886a49,7.27,10,6,0.14,crypt.exe,explorer.exe,Decoy,1
11,2025-10-15T13:31:28Z,C:\Windows\System32\cmd.exe,6918,819,data.csv,C:\Users\Admin\honeypot\data.csv,7ac45a37,7.95,5,7,0.27,cmd.exe,services.exe,Decoy,1
1,2025-10-15T12:21:07Z,C:\Windows\System32\crypt.exe,3852,1326,secret.txt,C:\Users\Admin\Documents\secret.txt,39f10565,3.77,3,2,3.1,crypt.exe,cmd.exe,Real,0
1,2025-10-15T13:23:08Z,C:\Windows\System32\explorer.exe,2050,685,secret.txt,C:\Users\Admin\Documents\secret.txt,e703cc0e,3.55,3,1,2.93,explorer.exe,explorer.exe,Real,0
1,2025-10-15T12:09:30Z,C:\Windows\System32\powershell.exe,3289,878,data.csv,C:\Users\Admin\honeypot\data.csv,72816c54,7.62,12,7,0.25,powershell.exe,explorer.exe,Decoy,1
1,2025-10-15T13:46:03Z,C:\Windows\System32\cmd.exe,5629,1177,finance.xlsx,C:\Users\Admin\honeypot\finance.xlsx,05260e81,7.8,6,7,0.12,cmd.exe,explorer.exe,Decoy,1
12,2025-10-15T12:56:32Z,C:\Windows\System32\explorer.exe,6858,998,report.docx,C:\Users\Admin\honeypot\report.docx,70d46b92,7.48,15,10,0.14,explorer.exe,cmd.exe,Decoy,1
12,2025-10-15T12:06:12Z,C:\Windows\System32\winword.exe,4093,796,report.docx,C:\Users\Admin\honeypot\report.docx,b9508679,7.21,8,6,0.22,winword.exe,services.exe,Decoy,1
1,2025-10-15T13:07:54Z,C:\Windows\System32\trap.exe,5252,1382,passwords.txt,C:\Users\Admin\Documents\passwords.txt,e90616d5,3.3,3,0,2.69,trap.exe,cmd.exe,Real,0
11,2025-10-15T12:02:33Z,C:\Windows\System32\crypt.exe,4371,617,project.docx,C:\Users\Admin\honeypot\project.docx,c1e9b8c1,7.54,15,8,0.26,crypt.exe,explorer.exe,Decoy,1
1,2025-10-15T12:23:27Z,C:\Windows\System32\crypt.exe,6292,580,passwords.txt,C:\Users\Admin\honeypot\passwords.txt,99f9edea,7.88,14,8,0.2,crypt.exe,powershell.exe,Decoy,1
11,2025-10-15T13:41:49Z,C:\Windows\System32\enc.exe,3588,1427,finance.xlsx,C:\Users\Admin\honeypot\finance.xlsx,4f846604,7.26,13,9,0.35,enc.exe,cmd.exe,Decoy,1
1,2025-10-15T13:39:18Z,C:\Windows\System32\powershell.exe,2617,681,finance.xlsx,C:\Users\Admin\honeypot\finance.xlsx,8a1a9ab0,7.4,7,10,0.17,powershell.exe,cmd.exe,Decoy,1
12,2025-10-15T13:03:20Z,C:\Windows\System32\crypt.exe,4480,1315,secret.txt,C:\Users\Admin\honeypot\secret.txt,268f4add,7.32,12,10,0.13,crypt.exe,powershell.exe,Decoy,1
11,2025-10-15T12:48:03Z,C:\Windows\System32\cmd.exe,7281,1384,passwords.txt,C:\Users\Admin\Documents\passwords.txt,ee442d4f,2.56,3,0,3.11,cmd.exe,powershell.exe,Real,0
12,2025-10-15T13:23:58Z,C:\Windows\System32\trap.exe,6683,1167,project.docx,C:\Users\Admin\Documents\project.docx,4ba9c821,3.93,1,1,4.22,trap.exe,services.exe,Real,0
11,2025-10-15T13:08:27Z,C:\Windows\System32\powershell.exe,7293,676,report.docx,C:\Users\Admin\honeypot\report.docx,7d6981ca,7.85,6,9,0.43,powershell.exe,explorer.exe,Decoy,1
11,2025-10-15T12:59:59Z,C:\Windows\System32\powershell.exe,2428,1308,secret.txt,C:\Users\Admin\honeypot\secret.txt,7343ef0e,7.51,15,9,0.41,powershell.exe,powershell.exe,Decoy,1
12,2025-10-15T12:08:59Z,C:\Windows\System32\enc.exe,3231,841,data.csv,C:\Users\Admin\honeypot\data.csv,c17659c8,7.51,15,9,0.2,enc.exe,explorer.exe,Decoy,1
1,2025-10-15T12:47:45Z,C:\Windows\System32\explorer.exe,4690,1332,project.docx,C:\Users\Admin\Documents\project.docx,908cc125,3.56,4,2,2.25,explorer.exe,services.exe,Real,0
1,2025-10-15T13:28:12Z,C:\Windows\System32\trap.exe,3572,731,secret.txt,C:\Users\Admin\Documents\secret.txt,8d5da99a,2.96,3,1,4.85,trap.exe,powershell.exe,Real,0
12,2025-10-15T12:10:32Z,C:\Windows\System32\explorer.exe,4758,1397,project.docx,C:\Users\Admin\Documents\project.docx,19556b4c,3.75,1,2,4.65,explorer.exe,explorer.exe,Real,0
1,2025-10-15T13:21:32Z,C:\Windows\System32\trap.exe,5585,544,finance.xlsx,C:\Users\Admin\Documents\finance.xlsx,78cb49a8,3.75,2,2,4.31,trap.exe,cmd.exe,Real,0
1,2025-10-15T13:00:38Z,C:\Windows\System32\explorer.exe,5013,1194,project.docx,C:\Users\Admin\Documents\project.docx,f8493e3f,2.86,4,0,4.9,explorer.exe,services.exe,Real,0
12,2025-10-15T13:03:02Z,C:\Windows\System32\explorer.exe,3133,1393,project.docx,C:\Users\Admin\honeypot\project.docx,bba20d6f,7.53,8,9,0.16,explorer.exe,services.exe,Decoy,1
12,2025-10-15T13:59:20Z,C:\Windows\System32\enc.exe,5680,1427,project.docx,C:\Users\Admin\honeypot\project.docx,de2dac89,7.88,7,7,0.21,enc.exe,explorer.exe,Decoy,1
11,2025-10-15T12:12:31Z,C:\Windows\System32\winword.exe,5163,583,report.docx,C:\Users\Admin\honeypot\report.docx,ddaff2af,7.53,10,6,0.26,winword.exe,services.exe,Decoy,1
1,2025-10-15T12:43:30Z,C:\Windows\System32\cmd.exe,3136,1277,finance.xlsx,C:\Users\Admin\Documents\finance.xlsx,2eeb7217,2.56,4,2,4.75,cmd.exe,powershell.exe,Real,0
1,2025-10-15T13:24:00Z,C:\Windows\System32\notepad.exe,5467,613,secret.txt,C:\Users\Admin\honeypot\secret.txt,274edce2,7.37,14,9,0.16,notepad.exe,explorer.exe,Decoy,1
1,2025-10-15T12:41:07Z,C:\Windows\System32\cmd.exe,6094,1111,passwords.txt,C:\Users\Admin\Documents\passwords.txt,f17fd11e,3.46,1,0,3.87,cmd.exe,explorer.exe,Real,0
11,2025-10-15T13:38:06Z,C:\Windows\System32\powershell.exe,7442,1184,report.docx,C:\Users\Admin\Documents\report.docx,dc9566f0,3.42,4,0,2.72,powershell.exe,powershell.exe,Real,0
11,2025-10-15T12:09:14Z,C:\Windows\System32\notepad.exe,2133,865,report.docx,C:\Users\Admin\honeypot\report.docx,1bfe96f9,7.71,9,10,0.49,notepad.exe,services.exe,Decoy,1
1,2025-10-15T12:32:55Z,C:\Windows\System32\cmd.exe,7608,975,report.docx,C:\Users\Admin\honeypot\report.docx,4ab40ab4,7.48,15,6,0.24,cmd.exe,powershell.exe,Decoy,1
1,2025-10-15T13:26:15Z,C:\Windows\System32\powershell.exe,2358,1310,data.csv,C:\Users\Admin\honeypot\data.csv,0fd4a59b,7.82,9,6,0.28,powershell.exe,cmd.exe,Decoy,1
12,2025-10-15T12:43:05Z,C:\Windows\System32\explorer.exe,4924,1382,passwords.txt,C:\Users\Admin\Documents\passwords.txt,f35269f7,2.88,2,1,4.26,explorer.exe,services.exe,Real,0
11,2025-10-15T12:37:18Z,C:\Windows\System32\cmd.exe,3530,1008,passwords.txt,C:\Users\Admin\honeypot\passwords.txt,d4ef7314,7.79,11,7,0.46,cmd.exe,powershell.exe,Decoy,1
12,2025-10-15T13:48:51Z,C:\Windows\System32\explorer.exe,4406,828,passwords.txt,C:\Users\Admin\honeypot\passwords.txt,a5703e12,7.26,7,9,0.34,explorer.exe,explorer.exe,Decoy,1
11,2025-10-15T13:30:14Z,C:\Windows\System32\explorer.exe,5662,543,project.docx,C:\Users\Admin\honeypot\project.docx,a25dc9fa,7.77,12,7,0.17,explorer.exe,powershell.exe,Decoy,1
12,2025-10-15T13:23:56Z,C:\Windows\System32\trap.exe,7565,663,report.docx,C:\Users\Admin\honeypot\report.docx,e23c3d20,7.26,10,9,0.36,trap.exe,powershell.exe,Decoy,1
1,2025-10-15T13:55:52Z,C:\Windows\System32\crypt.exe,6646,533,report.docx,C:\Users\Admin\Documents\report.docx,c44d3923,2.85,3,1,3.94,crypt.exe,explorer.exe,Real,0
1,2025-10-15T12:50:38Z,C:\Windows\System32\enc.exe,4283,755,project.docx,C:\Users\Admin\honeypot\project.docx,1316198b,7.31,10,10,0.25,enc.exe,services.exe,Decoy,1
12,2025-10-15T13:40:26Z,C:\Windows\System32\powershell.exe,5655,719,passwords.txt,C:\Users\Admin\Documents\passwords.txt,35f07a1d,3.87,3,2,2.35,powershell.exe,services.exe,Real,0
1,2025-10-15T13:34:45Z,C:\Windows\System32\crypt.exe,7586,1490,finance.xlsx,C:\Users\Admin\honeypot\finance.xlsx,75765655,7.88,12,5,0.28,crypt.exe,cmd.exe,Decoy,1
12,2025-10-15T13:31:10Z,C:\Windows\System32\enc.exe,7812,1449,project.docx,C:\Users\Admin\honeypot\project.docx,2ae85ecb,7.43,7,10,0.22,enc.exe,explorer.exe,Decoy,1
1,2025-10-15T13:48:21Z,C:\Windows\System32\enc.exe,4956,1067,finance.xlsx,C:\Users\Admin\Documents\finance.xlsx,534faeff,3.69,4,0,2.71,enc.exe,cmd.exe,Real,0
1,2025-10-15T13:49:43Z,C:\Windows\System32\powershell.exe,5365,1287,secret.txt,C:\Users\Admin\honeypot\secret.txt,b3c368b3,7.52,12,9,0.39,powershell.exe,explorer.exe,Decoy,1
11,2025-10-15T12:17:06Z,C:\Windows\System32\enc.exe,5544,1014,passwords.txt,C:\Users\Admin\Documents\passwords.txt,d657a007,3.52,2,0,3.03,enc.exe,explorer.exe,Real,0
11,2025-10-15T13:53:30Z,C:\Windows\System32\cmd.exe,6250,1416,finance.xlsx,C:\Users\Admin\Documents\finance.xlsx,f460c7e3,2.74,2,1,4.8,cmd.exe,cmd.exe,Real,0
1,2025-10-15T12:34:12Z,C:\Windows\System32\winword.exe,6756,657,data.csv,C:\Users\Admin\Documents\data.csv,0b9e8fe9,2.95,2,2,3.6,winword.exe,powershell.exe,Real,0
1,2025-10-15T13:55:02Z,C:\Windows\System32\notepad.exe,3726,1285,report.docx,C:\Users\Admin\honeypot\report.docx,daa4054c,7.96,9,10,0.41,notepad.exe,explorer.exe,Decoy,1
11,2025-10-15T13:07:59Z,C:\Windows\System32\explorer.exe,2597,1205,finance.xlsx,C:\Users\Admin\Documents\finance.xlsx,667c1107,3.71,3,1,4.05,explorer.exe,powershell.exe,Real,0
1,2025-10-15T12:56:44Z,C:\Windows\System32\crypt.exe,4829,1498,secret.txt,C:\Users\Admin\honeypot\secret.txt,6a57df58,7.69,10,10,0.23,crypt.exe,services.exe,Decoy,1
1,2025-10-15T13:10:18Z,C:\Windows\System32\cmd.exe,2414,797,passwords.txt,C:\Users\Admin\honeypot\passwords.txt,4edfc725,7.3,7,5,0.28,cmd.exe,powershell.exe,Decoy,1
12,2025-10-15T12:33:53Z,C:\Windows\System32\powershell.exe,5824,1010,data.csv,C:\Users\Admin\honeypot\data.csv,da192d0b,7.45,12,9,0.41,powershell.exe,powershell.exe,Decoy,1
12,2025-10-15T12:03:09Z,C:\Windows\System32\cmd.exe,2414,788,passwords.txt,C:\Users\Admin\honeypot\passwords.txt,0d8d0571,7.97,10,5,0.19,cmd.exe,services.exe,Decoy,1
11,2025-10-15T12:39:00Z,C:\Windows\System32\notepad.exe,2370,910,finance.xlsx,C:\Users\Admin\honeypot\finance.xlsx,a4f2a14d,7.91,11,7,0.39,notepad.exe,explorer.exe,Decoy,1
11,2025-10-15T12:49:29Z,C:\Windows\System32\explorer.exe,2792,903,project.docx,C:\Users\Admin\Documents\project.docx,a7fdb184,3.18,1,0,3.65,explorer.exe,explorer.exe,Real,0
1,2025-10-15T13:16:09Z,C:\Windows\System32\enc.exe,3122,1230,project.docx,C:\Users\Admin\honeypot\project.docx,5c2b0d6d,7.61,5,5,0.3,enc.exe,cmd.exe,Decoy,1
12,2025-10-15T13:10:54Z,C:\Windows\System32\crypt.exe,5219,1131,project.docx,C:\Users\Admin\honeypot\project.docx,9abea69a,7.31,10,6,0.47,crypt.exe,cmd.exe,Decoy,1
12,2025-10-15T13:21:03Z,C:\Windows\System32\enc.exe,7519,612,project.docx,C:\Users\Admin\honeypot\project.docx,06421661,7.44,10,7,0.43,enc.exe,services.exe,Decoy,1
11,2025-10-15T13:48:47Z,C:\Windows\System32\notepad.exe,7909,552,data.csv,C:\Users\Admin\honeypot\data.csv,1c7ec911,7.83,14,6,0.41,notepad.exe,services.exe,Decoy,1
12,2025-10-15T13:11:34Z,C:\Windows\System32\trap.exe,2155,951,finance.xlsx,C:\Users\Admin\Documents\finance.xlsx,8dfb0c33,2.55,1,0,4.84,trap.exe,cmd.exe,Real,0
12,2025-10-15T12:56:22Z,C:\Windows\System32\winword.exe,3131,1031,project.docx,C:\Users\Admin\Documents\project.docx,7b95e1c8,3.88,1,2,4.62,winword.exe,services.exe,Real,0
11,2025-10-15T13:30:24Z,C:\Windows\System32\crypt.exe,7536,1290,finance.xlsx,C:\Users\Admin\honeypot\finance.xlsx,9bf77ebf,7.57,13,7,0.31,crypt.exe,services.exe,Decoy,1
1,2025-10-15T13:23:17Z,C:\Windows\System32\crypt.exe,7774,712,secret.txt,C:\Users\Admin\honeypot\secret.txt,7f5834a1,7.65,9,7,0.19,crypt.exe,cmd.exe,Decoy,1
12,2025-10-15T12:43:17Z,C:\Windows\System32\crypt.exe,5110,1417,data.csv,C:\Users\Admin\honeypot\data.csv,82f147e4,7.42,15,9,0.15,crypt.exe,powershell.exe,Decoy,1
1,2025-10-15T13:45:32Z,C:\Windows\System32\powershell.exe,4100,1265,secret.txt,C:\Users\Admin\honeypot\secret.txt,f08aa70d,7.96,12,10,0.13,powershell.exe,powershell.exe,Decoy,1
1,2025-10-15T13:53:02Z,C:\Windows\System32\explorer.exe,7487,1426,report.docx,C:\Users\Admin\Documents\report.docx,084055ec,3.42,2,0,3.76,explorer.exe,powershell.exe,Real,0
11,2025-10-15T12:07:10Z,C:\Windows\System32\cmd.exe,6508,1451,data.csv,C:\Users\Admin\Documents\data.csv,9f08a251,3.21,2,0,4.04,cmd.exe,services.exe,Real,0
11,2025-10-15T13:05:11Z,C:\Windows\System32\winword.exe,6703,737,secret.txt,C:\Users\Admin\honeypot\secret.txt,aff65a50,7.72,6,10,0.46,winword.exe,powershell.exe,Decoy,1
1,2025-10-15T12:23:54Z,C:\Windows\System32\trap.exe,2075,805,passwords.txt,C:\Users\Admin\Documents\passwords.txt,db776c22,3.68,3,0,2.56,trap.exe,cmd.exe,Real,0
12,2025-10-15T12:45:44Z,C:\Windows\System32\explorer.exe,5834,779,project.docx,C:\Users\Admin\Documents\project.docx,7e12d108,3.29,2,2,4.67,explorer.exe,services.exe,Real,0
12,2025-10-15T12:45:08Z,C:\Windows\System32\powershell.exe,6651,1190,secret.txt,C:\Users\Admin\Documents\secret.txt,b1d4b694,3.58,3,1,2.04,powershell.exe,services.exe,Real,0
12,2025-10-15T13:23:24Z,C:\Windows\System32\trap.exe,5911,831,secret.txt,C:\Users\Admin\Documents\secret.txt,89ccc5ef,2.63,2,0,4.01,trap.exe,services.exe,Real,0
11,2025-10-15T12:35:36Z,C:\Windows\System32\trap.exe,7354,868,secret.txt,C:\Users\Admin\Documents\secret.txt,3e78f03f,3.93,1,1,2.91,trap.exe,cmd.exe,Real,0
11,2025-10-15T13:31:10Z,C:\Windows\System32\cmd.exe,2961,1154,finance.xlsx,C:\Users\Admin\Documents\finance.xlsx,8c86bbc7,3.11,3,2,3.51,cmd.exe,services.exe,Real,0
1,2025-10-15T12:50:10Z,C:\Windows\System32\winword.exe,5406,1218,passwords.txt,C:\Users\Admin\honeypot\passwords.txt,0a4f3d54,7.32,14,7,0.4,winword.exe,cmd.exe,Decoy,1
12,2025-10-15T13:43:24Z,C:\Windows\System32\winword.exe,7765,870,project.docx,C:\Users\Admin\honeypot\project.docx,8101e289,7.9,12,9,0.13,winword.exe,cmd.exe,Decoy,1
1,2025-10-15T12:08:25Z,C:\Windows\System32\winword.exe,6777,1000,secret.txt,C:\Users\Admin\Documents\secret.txt,4128ac4c,3.78,2,2,3.33,winword.exe,cmd.exe,Real,0
1,2025-10-15T13:50:24Z,C:\Windows\System32\notepad.exe,7511,1326,project.docx,C:\Users\Admin\honeypot\project.docx,557473df,7.53,13,8,0.33,notepad.exe,services.exe,Decoy,1
12,2025-10-15T12:54:03Z,C:\Windows\System32\explorer.exe,2522,1054,finance.xlsx,C:\Users\Admin\Documents\finance.xlsx,84442ac5,3.37,3,2,2.14,explorer.exe,explorer.exe,Real,0
11,2025-10-15T13:04:27Z,C:\Windows\System32\notepad.exe,5133,959,finance.xlsx,C:\Users\Admin\Documents\finance.xlsx,0b8c0e22,3.65,4,1,4.3,notepad.exe,powershell.exe,Real,0
12,2025-10-15T12:51:17Z,C:\Windows\System32\cmd.exe,3043,1245,secret.txt,C:\Users\Admin\honeypot\secret.txt,e39af045,7.29,11,9,0.5,cmd.exe,cmd.exe,Decoy,1
11,2025-10-15T13:43:14Z,C:\Windows\System32\notepad.exe,4027,971,data.csv,C:\Users\Admin\Documents\data.csv,9096a77a,3.58,4,0,3.27,notepad.exe,powershell.exe,Real,0
12,2025-10-15T12:25:44Z,C:\Windows\System32\cmd.exe,3688,568,passwords.txt,C:\Users\Admin\honeypot\passwords.txt,924cfd30,7.69,5,6,0.47,cmd.exe,explorer.exe,Decoy,1
12,2025-10-15T13:00:57Z,C:\Windows\System32\notepad.exe,3147,1015,report.docx,C:\Users\Admin\Documents\report.docx,1ad7bc2d,3.1,2,0,2.7,notepad.exe,cmd.exe,Real,0
1,2025-10-15T13:51:22Z,C:\Windows\System32\enc.exe,4461,781,secret.txt,C:\Users\Admin\Documents\secret.txt,94d40ead,3.81,2,1,4.96,enc.exe,powershell.exe,Real,0
1,2025-10-15T13:25:28Z,C:\Windows\System32\trap.exe,5410,918,secret.txt,C:\Users\Admin\Documents\secret.txt,4309ccad,3.91,3,2,4.01,trap.exe,services.exe,Real,0
1,2025-10-15T12:25:06Z,C:\Windows\System32\crypt.exe,6607,922,secret.txt,C:\Users\Admin\honeypot\secret.txt,50b4797b,7.89,12,5,0.16,crypt.exe,cmd.exe,Decoy,1
1,2025-10-15T12:53:01Z,C:\Windows\System32\winword.exe,6387,1241,secret.txt,C:\Users\Admin\Documents\secret.txt,ea6fccdb,3.47,3,0,4.77,winword.exe,powershell.exe,Real,0
1,2025-10-15T12:36:39Z,C:\Windows\System32\trap.exe,3711,1390,finance.xlsx,C:\Users\Admin\Documents\finance.xlsx,973a5349,3.71,2,1,3.76,trap.exe,explorer.exe,Real,0
12,2025-10-15T12:02:05Z,C:\Windows\System32\winword.exe,6951,1220,report.docx,C:\Users\Admin\honeypot\report.docx,cd4ee78e,7.8,8,10,0.4,winword.exe,cmd.exe,Decoy,1
11,2025-10-15T13:15:22Z,C:\Windows\System32\enc.exe,6200,1403,passwords.txt,C:\Users\Admin\Documents\passwords.txt,6472a6db,3.3,3,1,3.08,enc.exe,powershell.exe,Real,0
1,2025-10-15T13:49:36Z,C:\Windows\System32\crypt.exe,3195,516,secret.txt,C:\Users\Admin\Documents\secret.txt,4272dc07,2.97,2,2,2.14,crypt.exe,powershell.exe,Real,0
11,2025-10-15T12:40:18Z,C:\Windows\System32\powershell.exe,7362,1466,finance.xlsx,C:\Users\Admin\honeypot\finance.xlsx,2a026e84,7.5,12,9,0.43,powershell.exe,cmd.exe,Decoy,1
11,2025-10-15T13:44:13Z,C:\Windows\System32\crypt.exe,6477,1000,finance.xlsx,C:\Users\Admin\honeypot\finance.xlsx,c18f9ec8,7.79,7,10,0.24,crypt.exe,services.exe,Decoy,1
12,2025-10-15T13:11:32Z,C:\Windows\System32\notepad.exe,7793,654,report.docx,C:\Users\Admin\Documents\report.docx,de1aa6e7,3.65,2,0,3.24,notepad.exe,explorer.exe,Real,0
12,2025-10-15T12:50:57Z,C:\Windows\System32\notepad.exe,2137,1042,passwords.txt,C:\Users\Admin\honeypot\passwords.txt,6725a843,7.21,11,5,0.31,notepad.exe,services.exe,Decoy,1
1,2025-10-15T12:02:20Z,C:\Windows\System32\trap.exe,4067,1334,report.docx,C:\Users\Admin\honeypot\report.docx,680dab40,7.62,14,9,0.2,trap.exe,cmd.exe,Decoy,1
11,2025-10-15T12:10:47Z,C:\Windows\System32\enc.exe,2660,1169,project.docx,C:\Users\Admin\honeypot\project.docx,52d51584,7.39,9,10,0.38,enc.exe,services.exe,Decoy,1
11,2025-10-15T12:12:45Z,C:\Windows\System32\trap.exe,6094,1365,project.docx,C:\Users\Admin\Documents\project.docx,abafa739,3.21,2,0,3.91,trap.exe,services.exe,Real,0
1,2025-10-15T13:17:15Z,C:\Windows\System32\cmd.exe,4220,547,finance.xlsx,C:\Users\Admin\honeypot\finance.xlsx,3203dde7,7.92,14,8,0.38,cmd.exe,explorer.exe,Decoy,1
11,2025-10-15T13:14:08Z,C:\Windows\System32\notepad.exe,4451,666,report.docx,C:\Users\Admin\honeypot\report.docx,8dc59e93,7.97,11,5,0.33,notepad.exe,cmd.exe,Decoy,1
12,2025-10-15T13:32:26Z,C:\Windows\System32\enc.exe,4833,554,finance.xlsx,C:\Users\Admin\honeypot\finance.xlsx,b2136a7f,7.83,6,9,0.38,enc.exe,services.exe,Decoy,1
12,2025-10-15T13:54:30Z,C:\Windows\System32\cmd.exe,7194,779,project.docx,C:\Users\Admin\Documents\project.docx,5b968b0f,3.93,3,0,3.19,cmd.exe,powershell.exe,Real,0
12,2025-10-15T13:06:59Z,C:\Windows\System32\winword.exe,2702,1290,passwords.txt,C:\Users\Admin\honeypot\passwords.txt,5d7d7c8a,7.55,15,8,0.37,winword.exe,powershell.exe,Decoy,1
11,2025-10-15T13:37:21Z,C:\Windows\System32\cmd.exe,5191,824,finance.xlsx,C:\Users\Admin\Documents\finance.xlsx,1b865473,3.07,2,2,4.35,cmd.exe,explorer.exe,Real,0
11,2025-10-15T12:00:42Z,C:\Windows\System32\explorer.exe,6562,1068,secret.txt,C:\Users\Admin\Documents\secret.txt,14e11ed0,2.65,4,1,2.26,explorer.exe,services.exe,Real,0
12,2025-10-15T12:03:35Z,C:\Windows\System32\cmd.exe,4390,923,report.docx,C:\Users\Admin\Documents\report.docx,4bce4e18,3.4,4,0,4.35,cmd.exe,powershell.exe,Real,0
12,2025-10-15T13:38:57Z,C:\Windows\System32\winword.exe,3195,564,passwords.txt,C:\Users\Admin\Documents\passwords.txt,1963d53d,2.75,3,1,2.81,winword.exe,cmd.exe,Real,0
1,2025-10-15T12:57:29Z,C:\Windows\System32\explorer.exe,6864,1131,secret.txt,C:\Users\Admin\honeypot\secret.txt,60fd4965,7.4,15,8,0.2,explorer.exe,services.exe,Decoy,1
11,2025-10-15T12:18:29Z,C:\Windows\System32\explorer.exe,4742,940,secret.txt,C:\Users\Admin\Documents\secret.txt,0093aced,3.76,3,1,3.14,explorer.exe,explorer.exe,Real,0
11,2025-10-15T12:41:01Z,C:\Windows\System32\enc.exe,7693,1148,secret.txt,C:\Users\Admin\Documents\secret.txt,508d48a1,2.77,3,1,3.19,enc.exe,cmd.exe,Real,0
11,2025-10-15T12:44:29Z,C:\Windows\System32\trap.exe,6506,527,secret.txt,C:\Users\Admin\Documents\secret.txt,1622d7de,2.67,2,2,3.69,trap.exe,powershell.exe,Real,0
11,2025-10-15T13:36:42Z,C:\Windows\System32\winword.exe,6090,642,data.csv,C:\Users\Admin\honeypot\data.csv,41ca8732,7.26,11,10,0.44,winword.exe,services.exe,Decoy,1
11,2025-10-15T12:34:29Z,C:\Windows\System32\powershell.exe,6150,1445,report.docx,C:\Users\Admin\Documents\report.docx,e83d44f6,3.17,4,2,3.79,powershell.exe,services.exe,Real,0
12,2025-10-15T13:14:13Z,C:\Windows\System32\notepad.exe,7387,1180,project.docx,C:\Users\Admin\honeypot\project.docx,c7dd18cc,7.68,6,6,0.47,notepad.exe,powershell.exe,Decoy,1
11,2025-10-15T13:16:53Z,C:\Windows\System32\trap.exe,5064,900,report.docx,C:\Users\Admin\Documents\report.docx,258ecfc8,2.52,2,1,2.78,trap.exe,powershell.exe,Real,0
1,2025-10-15T12:47:05Z,C:\Windows\System32\notepad.exe,3160,856,secret.txt,C:\Users\Admin\Documents\secret.txt,3e658862,3.12,1,2,4.89,notepad.exe,services.exe,Real,0
11,2025-10-15T13:47:04Z,C:\Windows\System32\winword.exe,2550,807,passwords.txt,C:\Users\Admin\honeypot\passwords.txt,baeb1e7f,7.28,12,7,0.39,winword.exe,services.exe,Decoy,1
12,2025-10-15T12:03:05Z,C:\Windows\System32\enc.exe,3311,838,finance.xlsx,C:\Users\Admin\Documents\finance.xlsx,c848ebbb,3.89,2,2,4.22,enc.exe,explorer.exe,Real,0
1,2025-10-15T12:31:39Z,C:\Windows\System32\trap.exe,5682,1106,data.csv,C:\Users\Admin\honeypot\data.csv,e715f2c5,7.73,14,6,0.26,trap.exe,cmd.exe,Decoy,1
11,2025-10-15T13:36:13Z,C:\Windows\System32\winword.exe,3531,874,data.csv,C:\Users\Admin\Documents\data.csv,2026d6e3,3.71,1,2,2.19,winword.exe,cmd.exe,Real,0
12,2025-10-15T12:15:33Z,C:\Windows\System32\explorer.exe,2935,856,data.csv,C:\Users\Admin\honeypot\data.csv,76eb76ef,7.45,11,9,0.26,explorer.exe,services.exe,Decoy,1
12,2025-10-15T13:24:17Z,C:\Windows\System32\powershell.exe,4501,619,project.docx,C:\Users\Admin\honeypot\project.docx,6d68683c,7.27,6,6,0.15,powershell.exe,powershell.exe,Decoy,1
12,2025-10-15T13:09:44Z,C:\Windows\System32\trap.exe,6402,1210,finance.xlsx,C:\Users\Admin\Documents\finance.xlsx,8ecb0474,3.36,4,2,3.27,trap.exe,services.exe,Real,0
11,2025-10-15T13:15:45Z,C:\Windows\System32\powershell.exe,2078,996,finance.xlsx,C:\Users\Admin\Documents\finance.xlsx,633436dc,2.78,1,1,4.53,powershell.exe,services.exe,Real,0
12,2025-10-15T13:16:40Z,C:\Windows\System32\crypt.exe,2677,1078,passwords.txt,C:\Users\Admin\honeypot\passwords.txt,54f30581,7.53,12,6,0.44,crypt.exe,services.exe,Decoy,1
1,2025-10-15T12:39:52Z,C:\Windows\System32\notepad.exe,6184,615,project.docx,C:\Users\Admin\Documents\project.docx,6c0d952e,2.93,4,2,4.34,notepad.exe,powershell.exe,Real,0
12,2025-10-15T13:45:49Z,C:\Windows\System32\enc.exe,7354,1269,passwords.txt,C:\Users\Admin\honeypot\passwords.txt,585fe806,7.64,6,10,0.5,enc.exe,explorer.exe,Decoy,1
1,2025-10-15T13:01:24Z,C:\Windows\System32\explorer.exe,6816,1205,passwords.txt,C:\Users\Admin\Documents\passwords.txt,30b61af2,3.8,2,0,2.35,explorer.exe,powershell.exe,Real,0
1,2025-10-15T12:22:39Z,C:\Windows\System32\powershell.exe,3379,831,report.docx,C:\Users\Admin\honeypot\report.docx,b9acb7f5,7.66,14,9,0.31,powershell.exe,cmd.exe,Decoy,1
1,2025-10-15T12:39:30Z,C:\Windows\System32\explorer.exe,7746,1386,passwords.txt,C:\Users\Admin\honeypot\passwords.txt,230d71b2,7.94,15,6,0.5,explorer.exe,explorer.exe,Decoy,1
12,2025-10-15T13:37:07Z,C:\Windows\System32\enc.exe,5393,884,passwords.txt,C:\Users\Admin\Documents\passwords.txt,d1a370ee,3.23,3,2,3.73,enc.exe,cmd.exe,Real,0
11,2025-10-15T12:55:00Z,C:\Windows\System32\explorer.exe,5755,1150,passwords.txt,C:\Users\Admin\Documents\passwords.txt,5c5fe9a9,2.99,1,2,2.01,explorer.exe,powershell.exe,Real,0
1,2025-10-15T13:56:04Z,C:\Windows\System32\cmd.exe,4766,1060,passwords.txt,C:\Users\Admin\honeypot\passwords.txt,fea4b6ea,7.86,10,7,0.3,cmd.exe,services.exe,Decoy,1
1,2025-10-15T13:47:37Z,C:\Windows\System32\enc.exe,3294,951,report.docx,C:\Users\Admin\honeypot\report.docx,f8348f03,7.7,5,5,0.43,enc.exe,explorer.exe,Decoy,1
1,2025-10-15T12:27:37Z,C:\Windows\System32\powershell.exe,7443,1425,secret.txt,C:\Users\Admin\honeypot\secret.txt,2f271ec9,7.27,6,7,0.24,powershell.exe,powershell.exe,Decoy,1
11,2025-10-15T12:54:06Z,C:\Windows\System32\explorer.exe,2638,635,data.csv,C:\Users\Admin\Documents\data.csv,cac9578c,2.64,2,1,2.29,explorer.exe,cmd.exe,Real,0
1,2025-10-15T12:01:16Z,C:\Windows\System32\notepad.exe,2731,1248,passwords.txt,C:\Users\Admin\honeypot\passwords.txt,9334da59,7.76,8,8,0.29,notepad.exe,powershell.exe,Decoy,1
1,2025-10-15T12:42:46Z,C:\Windows\System32\enc.exe,7547,646,passwords.txt,C:\Users\Admin\Documents\passwords.txt,4f4914c8,3.66,2,2,4.26,enc.exe,powershell.exe,Real,0
11,2025-10-15T13:23:19Z,C:\Windows\System32\powershell.exe,7624,953,data.csv,C:\Users\Admin\Documents\data.csv,ae54760d,2.82,4,2,4.24,powershell.exe,services.exe,Real,0
12,2025-10-15T12:13:43Z,C:\Windows\System32\powershell.exe,4029,783,data.csv,C:\Users\Admin\Documents\data.csv,970adc91,3.08,3,0,4.89,powershell.exe,explorer.exe,Real,0
12,2025-10-15T13:15:33Z,C:\Windows\System32\explorer.exe,5209,802,secret.txt,C:\Users\Admin\Documents\secret.txt,48f9a206,2.81,2,2,3.82,explorer.exe,explorer.exe,Real,0
1,2025-10-15T13:07:34Z,C:\Windows\System32\trap.exe,4592,635,passwords.txt,C:\Users\Admin\Documents\passwords.txt,517ec9ca,3.46,1,1,2.21,trap.exe,explorer.exe,Real,0
1,2025-10-15T12:49:53Z,C:\Windows\System32\powershell.exe,2495,1471,report.docx,C:\Users\Admin\honeypot\report.docx,97a18eb8,7.67,8,5,0.11,powershell.exe,services.exe,Decoy,1
12,2025-10-15T13:25:49Z,C:\Windows\System32\trap.exe,4273,585,passwords.txt,C:\Users\Admin\honeypot\passwords.txt,2e16e054,7.27,14,6,0.31,trap.exe,services.exe,Decoy,1
11,2025-10-15T13:50:19Z,C:\Windows\System32\powershell.exe,7723,947,project.docx,C:\Users\Admin\Documents\project.docx,e94c728b,3.45,1,1,4.5,powershell.exe,powershell.exe,Real,0
11,2025-10-15T12:07:54Z,C:\Windows\System32\winword.exe,7390,1258,report.docx,C:\Users\Admin\Documents\report.docx,40402df7,3.18,3,2,3.83,winword.exe,explorer.exe,Real,0
1,2025-10-15T13:36:39Z,C:\Windows\System32\powershell.exe,5046,629,passwords.txt,C:\Users\Admin\Documents\passwords.txt,0868040d,3.93,3,0,3.57,powershell.exe,explorer.exe,Real,0
11,2025-10-15T13:40:04Z,C:\Windows\System32\cmd.exe,2631,1008,passwords.txt,C:\Users\Admin\honeypot\passwords.txt,e3dc3653,7.42,14,10,0.13,cmd.exe,explorer.exe,Decoy,1
11,2025-10-15T12:07:34Z,C:\Windows\System32\crypt.exe,7921,618,finance.xlsx,C:\Users\Admin\honeypot\finance.xlsx,68da92f2,7.4,14,10,0.14,crypt.exe,cmd.exe,Decoy,1
1,2025-10-15T12:06:00Z,C:\Windows\System32\notepad.exe,6529,1322,passwords.txt,C:\Users\Admin\Documents\passwords.txt,ab53ad4a,3.05,2,0,4.76,notepad.exe,cmd.exe,Real,0
11,2025-10-15T12:30:39Z,C:\Windows\System32\enc.exe,2978,1014,data.csv,C:\Users\Admin\honeypot\data.csv,6aca7c4c,7.46,14,7,0.43,enc.exe,cmd.exe,Decoy,1
11,2025-10-15T12:24:29Z,C:\Windows\System32\winword.exe,2707,1066,report.docx,C:\Users\Admin\Documents\report.docx,4361f103,3.82,3,1,4.6,winword.exe,explorer.exe,Real,0
12,2025-10-15T12:27:23Z,C:\Windows\System32\explorer.exe,8000,1422,project.docx,C:\Users\Admin\honeypot\project.docx,56c0ed60,7.39,12,6,0.25,explorer.exe,powershell.exe,Decoy,1
1,2025-10-15T12:20:33Z,C:\Windows\System32\notepad.exe,2011,1277,finance.xlsx,C:\Users\Admin\Documents\finance.xlsx,38f92266,3.31,1,1,3.91,notepad.exe,services.exe,Real,0
11,2025-10-15T12:14:11Z,C:\Windows\System32\winword.exe,4292,595,passwords.txt,C:\Users\Admin\honeypot\passwords.txt,5a572719,7.97,7,10,0.49,winword.exe,cmd.exe,Decoy,1
11,2025-10-15T13:55:26Z,C:\Windows\System32\trap.exe,5230,576,data.csv,C:\Users\Admin\Documents\data.csv,3eb8c9c5,2.63,2,2,2.29,trap.exe,powershell.exe,Real,0
11,2025-10-15T12:59:23Z,C:\Windows\System32\powershell.exe,4672,825,secret.txt,C:\Users\Admin\Documents\secret.txt,1111c4a9,3.78,4,2,4.78,powershell.exe,cmd.exe,Real,0
12,2025-10-15T12:10:11Z,C:\Windows\System32\winword.exe,5330,623,report.docx,C:\Users\Admin\Documents\report.docx,6425e6ff,2.73,4,1,2.49,winword.exe,cmd.exe,Real,0
11,2025-10-15T13:01:42Z,C:\Windows\System32\explorer.exe,7708,1117,report.docx,C:\Users\Admin\Documents\report.docx,f115b49e,2.64,3,2,4.42,explorer.exe,services.exe,Real,0
11,2025-10-15T12:20:15Z,C:\Windows\System32\cmd.exe,2254,1474,passwords.txt,C:\Users\Admin\honeypot\passwords.txt,e6673f57,7.61,9,6,0.37,cmd.exe,cmd.exe,Decoy,1
11,2025-10-15T13:15:54Z,C:\Windows\System32\winword.exe,3820,633,report.docx,C:\Users\Admin\honeypot\report.docx,da9c665d,7.84,5,5,0.16,winword.exe,explorer.exe,Decoy,1
1,2025-10-15T12:50:49Z,C:\Windows\System32\cmd.exe,3055,594,report.docx,C:\Users\Admin\honeypot\report.docx,28a0e7a6,8.0,15,8,0.18,cmd.exe,powershell.exe,Decoy,1
1,2025-10-15T12:16:43Z,C:\Windows\System32\notepad.exe,2241,891,finance.xlsx,C:\Users\Admin\honeypot\finance.xlsx,ea92f77e,7.94,11,8,0.27,notepad.exe,services.exe,Decoy,1
11,2025-10-15T12:48:19Z,C:\Windows\System32\winword.exe,4417,1010,secret.txt,C:\Users\Admin\Documents\secret.txt,c6537bc4,3.17,2,2,2.45,winword.exe,cmd.exe,Real,0
11,2025-10-15T12:08:19Z,C:\Windows\System32\cmd.exe,7167,1321,finance.xlsx,C:\Users\Admin\honeypot\finance.xlsx,abaefbf0,7.54,13,6,0.36,cmd.exe,powershell.exe,Decoy,1
12,2025-10-15T12:52:13Z,C:\Windows\System32\enc.exe,4215,684,passwords.txt,C:\Users\Admin\Documents\passwords.txt,84333d36,3.02,3,1,3.7,enc.exe,services.exe,Real,0
11,2025-10-15T12:04:00Z,C:\Windows\System32\explorer.exe,2820,753,project.docx,C:\Users\Admin\Documents\project.docx,57445166,3.04,2,0,3.75,explorer.exe,explorer.exe,Real,0
12,2025-10-15T13:12:51Z,C:\Windows\System32\notepad.exe,3937,1106,passwords.txt,C:\Users\Admin\honeypot\passwords.txt,7f3aae13,7.48,7,6,0.44,notepad.exe,cmd.exe,Decoy,1
12,2025-10-15T13:20:46Z,C:\Windows\System32\notepad.exe,4531,679,project.docx,C:\Users\Admin\honeypot\project.docx,e4ddc00b,7.31,12,9,0.48,notepad.exe,powershell.exe,Decoy,1
1,2025-10-15T12:07:40Z,C:\Windows\System32\winword.exe,4791,1234,project.docx,C:\Users\Admin\Documents\project.docx,b61c55db,3.22,2,0,3.0,winword.exe,cmd.exe,Real,0
12,2025-10-15T12:08:07Z,C:\Windows\System32\notepad.exe,2594,882,data.csv,C:\Users\Admin\honeypot\data.csv,0e9f984a,7.93,13,7,0.41,notepad.exe,cmd.exe,Decoy,1
11,2025-10-15T13:20:00Z,C:\Windows\System32\cmd.exe,5991,1164,secret.txt,C:\Users\Admin\honeypot\secret.txt,fdd6c518,7.31,11,10,0.16,cmd.exe,powershell.exe,Decoy,1
11,2025-10-15T12:30:28Z,C:\Windows\System32\powershell.exe,6692,900,data.csv,C:\Users\Admin\honeypot\data.csv,fd51e6f9,7.75,5,10,0.15,powershell.exe,services.exe,Decoy,1
12,2025-10-15T12:24:51Z,C:\Windows\System32\enc.exe,2637,743,project.docx,C:\Users\Admin\Documents\project.docx,92581e1b,2.66,3,2,3.49,enc.exe,cmd.exe,Real,0
11,2025-10-15T12:22:55Z,C:\Windows\System32\cmd.exe,4102,1305,report.docx,C:\Users\Admin\honeypot\report.docx,ae7563e8,7.41,6,7,0.2,cmd.exe,powershell.exe,Decoy,1
12,2025-10-15T12:06:34Z,C:\Windows\System32\trap.exe,4877,1059,passwords.txt,C:\Users\Admin\Documents\passwords.txt,23977f97,3.95,4,1,4.65,trap.exe,services.exe,Real,0
11,2025-10-15T13:47:41Z,C:\Windows\System32\winword.exe,4139,1474,report.docx,C:\Users\Admin\honeypot\report.docx,fe455a78,7.84,5,7,0.11,winword.exe,cmd.exe,Decoy,1
12,2025-10-15T12:23:13Z,C:\Windows\System32\trap.exe,6866,1128,report.docx,C:\Users\Admin\honeypot\report.docx,e2aea71f,7.64,6,7,0.46,trap.exe,cmd.exe,Decoy,1
1,2025-10-15T12:58:53Z,C:\Windows\System32\powershell.exe,7711,1067,report.docx,C:\Users\Admin\Documents\report.docx,639f8640,2.65,2,1,2.62,powershell.exe,services.exe,Real,0
1,2025-10-15T13:30:11Z,C:\Windows\System32\explorer.exe,2446,869,report.docx,C:\Users\Admin\honeypot\report.docx,bb51bbe4,7.24,12,6,0.33,explorer.exe,powershell.exe,Decoy,1
1,2025-10-15T12:40:12Z,C:\Windows\System32\crypt.exe,2946,815,report.docx,C:\Users\Admin\Documents\report.docx,d52f44f0,2.81,1,1,3.91,crypt.exe,cmd.exe,Real,0
12,2025-10-15T13:06:46Z,C:\Windows\System32\explorer.exe,3528,956,project.docx,C:\Users\Admin\honeypot\project.docx,bbbfb147,7.51,11,7,0.25,explorer.exe,explorer.exe,Decoy,1
11,2025-10-15T13:03:29Z,C:\Windows\System32\explorer.exe,2702,1184,project.docx,C:\Users\Admin\honeypot\project.docx,6cd9909e,7.25,15,5,0.4,explorer.exe,cmd.exe,Decoy,1
11,2025-10-15T13:43:16Z,C:\Windows\System32\winword.exe,3930,987,project.docx,C:\Users\Admin\honeypot\project.docx,d7c6465a,7.53,12,9,0.31,winword.exe,explorer.exe,Decoy,1
1,2025-10-15T13:56:35Z,C:\Windows\System32\notepad.exe,3033,543,passwords.txt,C:\Users\Admin\honeypot\passwords.txt,c80e8f9d,7.34,8,6,0.49,notepad.exe,cmd.exe,Decoy,1
11,2025-10-15T12:27:34Z,C:\Windows\System32\powershell.exe,5255,1065,data.csv,C:\Users\Admin\honeypot\data.csv,c9264d2b,7.93,11,9,0.13,powershell.exe,powershell.exe,Decoy,1
12,2025-10-15T13:10:57Z,C:\Windows\System32\crypt.exe,3225,651,project.docx,C:\Users\Admin\honeypot\project.docx,6e68dc33,7.67,6,8,0.41,crypt.exe,explorer.exe,Decoy,1
12,2025-10-15T12:14:25Z,C:\Windows\System32\cmd.exe,6988,984,secret.txt,C:\Users\Admin\Documents\secret.txt,f2fe2a84,3.82,4,2,2.79,cmd.exe,powershell.exe,Real,0
1,2025-10-15T12:55:01Z,C:\Windows\System32\powershell.exe,5892,1442,passwords.txt,C:\Users\Admin\honeypot\passwords.txt,10e7b6be,7.91,8,5,0.23,powershell.exe,services.exe,Decoy,1
11,2025-10-15T12:02:45Z,C:\Windows\System32\enc.exe,3867,637,secret.txt,C:\Users\Admin\honeypot\secret.txt,444cc22b,7.87,15,5,0.44,enc.exe,powershell.exe,Decoy,1
12,2025-10-15T13:45:40Z,C:\Windows\System32\enc.exe,5335,1258,passwords.txt,C:\Users\Admin\honeypot\passwords.txt,bb7c0e5b,7.68,12,6,0.14,enc.exe,powershell.exe,Decoy,1
1,2025-10-15T13:52:05Z,C:\Windows\System32\notepad.exe,2237,677,secret.txt,C:\Users\Admin\honeypot\secret.txt,c4d44b8a,7.77,13,9,0.26,notepad.exe,cmd.exe,Decoy,1
1,2025-10-15T13:54:16Z,C:\Windows\System32\notepad.exe,5017,1343,passwords.txt,C:\Users\Admin\Documents\passwords.txt,c19e5c50,2.58,2,1,3.08,notepad.exe,cmd.exe,Real,0
1,2025-10-15T13:26:45Z,C:\Windows\System32\cmd.exe,6516,858,secret.txt,C:\Users\Admin\honeypot\secret.txt,f4d6c40a,7.59,12,9,0.28,cmd.exe,explorer.exe,Decoy,1
1,2025-10-15T13:42:15Z,C:\Windows\System32\cmd.exe,7303,730,passwords.txt,C:\Users\Admin\honeypot\passwords.txt,26bb16e3,7.24,8,6,0.44,cmd.exe,powershell.exe,Decoy,1
12,2025-10-15T13:28:57Z,C:\Windows\System32\trap.exe,2069,729,report.docx,C:\Users\Admin\honeypot\report.docx,86d3c23d,7.58,7,9,0.15,trap.exe,explorer.exe,Decoy,1
11,2025-10-15T13:37:18Z,C:\Windows\System32\explorer.exe,6265,1344,secret.txt,C:\Users\Admin\honeypot\secret.txt,d8580a25,7.57,9,10,0.19,explorer.exe,services.exe,Decoy,1
11,2025-10-15T12:01:00Z,C:\Windows\System32\enc.exe,4663,1382,data.csv,C:\Users\Admin\Documents\data.csv,53a90bfb,2.66,3,2,2.19,enc.exe,powershell.exe,Real,0
1,2025-10-15T12:25:43Z,C:\Windows\System32\powershell.exe,2208,1171,project.docx,C:\Users\Admin\honeypot\project.docx,cf0634ba,7.52,7,10,0.23,powershell.exe,cmd.exe,Decoy,1
11,2025-10-15T12:35:25Z,C:\Windows\System32\trap.exe,4811,1243,data.csv,C:\Users\Admin\honeypot\data.csv,ad16b54c,7.23,14,6,0.38,trap.exe,services.exe,Decoy,1
1,2025-10-15T13:31:43Z,C:\Windows\System32\enc.exe,3048,1258,data.csv,C:\Users\Admin\honeypot\data.csv,cdff648b,7.9,6,8,0.17,enc.exe,powershell.exe,Decoy,1
1,2025-10-15T13:32:48Z,C:\Windows\System32\enc.exe,5044,766,secret.txt,C:\Users\Admin\Documents\secret.txt,561998a1,2.83,4,1,4.61,enc.exe,explorer.exe,Real,0
1,2025-10-15T13:56:13Z,C:\Windows\System32\cmd.exe,3593,1012,data.csv,C:\Users\Admin\honeypot\data.csv,3f08753b,7.67,6,8,0.48,cmd.exe,services.exe,Decoy,1
1,2025-10-15T13:12:20Z,C:\Windows\System32\explorer.exe,5748,646,finance.xlsx,C:\Users\Admin\honeypot\finance.xlsx,7dc3b229,7.31,11,9,0.18,explorer.exe,services.exe,Decoy,1
11,2025-10-15T13:46:21Z,C:\Windows\System32\cmd.exe,5703,780,data.csv,C:\Users\Admin\Documents\data.csv,383db5c3,3.98,1,0,2.94,cmd.exe,services.exe,Real,0
1,2025-10-15T13:18:40Z,C:\Windows\System32\powershell.exe,5910,892,finance.xlsx,C:\Users\Admin\Documents\finance.xlsx,0f856b94,3.42,4,1,3.9,powershell.exe,services.exe,Real,0
11,2025-10-15T13:39:45Z,C:\Windows\System32\enc.exe,7681,1398,project.docx,C:\Users\Admin\Documents\project.docx,961395bb,2.79,2,0,4.03,enc.exe,explorer.exe,Real,0
1,2025-10-15T12:14:01Z,C:\Windows\System32\trap.exe,7962,1032,report.docx,C:\Users\Admin\Documents\report.docx,be281c1e,3.74,3,1,2.89,trap.exe,powershell.exe,Real,0
11,2025-10-15T12:59:12Z,C:\Windows\System32\powershell.exe,3871,729,secret.txt,C:\Users\Admin\honeypot\secret.txt,bff06a52,7.8,11,5,0.17,powershell.exe,powershell.exe,Decoy,1
1,2025-10-15T12:28:50Z,C:\Windows\System32\notepad.exe,4095,1289,secret.txt,C:\Users\Admin\Documents\secret.txt,fdb404fc,3.57,4,2,4.38,notepad.exe,cmd.exe,Real,0
12,2025-10-15T13:21:05Z,C:\Windows\System32\notepad.exe,3012,1060,report.docx,C:\Users\Admin\Documents\report.docx,3bc69d78,2.57,4,1,2.35,notepad.exe,explorer.exe,Real,0
11,2025-10-15T12:28:03Z,C:\Windows\System32\notepad.exe,2859,1023,data.csv,C:\Users\Admin\Documents\data.csv,8454805c,2.65,2,1,3.56,notepad.exe,powershell.exe,Real,0
11,2025-10-15T12:38:35Z,C:\Windows\System32\cmd.exe,7762,919,finance.xlsx,C:\Users\Admin\Documents\finance.xlsx,959307e2,3.41,2,1,4.33,cmd.exe,explorer.exe,Real,0
12,2025-10-15T13:14:50Z,C:\Windows\System32\crypt.exe,6703,1185,passwords.txt,C:\Users\Admin\Documents\passwords.txt,893e2d4e,3.0,1,0,2.01,crypt.exe,cmd.exe,Real,0
11,2025-10-15T13:46:25Z,C:\Windows\System32\cmd.exe,5803,551,data.csv,C:\Users\Admin\Documents\data.csv,618bd274,2.85,3,1,4.97,cmd.exe,explorer.exe,Real,0
11,2025-10-15T13:59:20Z,C:\Windows\System32\notepad.exe,2079,1372,data.csv,C:\Users\Admin\Documents\data.csv,41d006c8,2.97,1,0,4.22,notepad.exe,powershell.exe,Real,0
12,2025-10-15T12:44:52Z,C:\Windows\System32\enc.exe,2932,910,secret.txt,C:\Users\Admin\Documents\secret.txt,413f7be9,3.82,3,0,2.28,enc.exe,services.exe,Real,0
11,2025-10-15T12:37:06Z,C:\Windows\System32\trap.exe,7950,560,data.csv,C:\Users\Admin\honeypot\data.csv,36d86c7b,7.91,7,10,0.17,trap.exe,services.exe,Decoy,1
12,2025-10-15T12:14:09Z,C:\Windows\System32\trap.exe,2236,1383,data.csv,C:\Users\Admin\Documents\data.csv,95720c4f,3.16,3,2,3.83,trap.exe,services.exe,Real,0
11,2025-10-15T13:05:57Z,C:\Windows\System32\crypt.exe,7771,1389,passwords.txt,C:\Users\Admin\Documents\passwords.txt,f414a8de,2.57,3,0,2.78,crypt.exe,explorer.exe,Real,0
11,2025-10-15T13:31:27Z,C:\Windows\System32\enc.exe,6573,1413,data.csv,C:\Users\Admin\Documents\data.csv,6f0a08bb,3.59,4,0,3.45,enc.exe,explorer.exe,Real,0
11,2025-10-15T12:01:35Z,C:\Windows\System32\powershell.exe,4278,551,finance.xlsx,C:\Users\Admin\Documents\finance.xlsx,f015c784,2.61,2,1,3.47,powershell.exe,services.exe,Real,0
11,2025-10-15T12:55:03Z,C:\Windows\System32\winword.exe,4589,621,passwords.txt,C:\Users\Admin\honeypot\passwords.txt,73b425cb,7.84,12,8,0.28,winword.exe,explorer.exe,Decoy,1
1,2025-10-15T12:14:00Z,C:\Windows\System32\trap.exe,6606,711,project.docx,C:\Users\Admin\Documents\project.docx,2f5d14ae,3.32,3,2,4.48,trap.exe,services.exe,Real,0
1,2025-10-15T12:46:32Z,C:\Windows\System32\enc.exe,7870,1172,passwords.txt,C:\Users\Admin\honeypot\passwords.txt,c6c85dc9,7.47,14,8,0.41,enc.exe,explorer.exe,Decoy,1
1,2025-10-15T12:15:34Z,C:\Windows\System32\cmd.exe,6276,882,secret.txt,C:\Users\Admin\honeypot\secret.txt,21ba8a64,7.48,9,9,0.35,cmd.exe,cmd.exe,Decoy,1
12,2025-10-15T12:22:24Z,C:\Windows\System32\crypt.exe,2989,1452,data.csv,C:\Users\Admin\Documents\data.csv,cbb9b07d,3.58,2,0,2.32,crypt.exe,cmd.exe,Real,0
1,2025-10-15T13:02:24Z,C:\Windows\System32\winword.exe,5746,1174,passwords.txt,C:\Users\Admin\Documents\passwords.txt,62ec50e7,2.57,1,1,3.9,winword.exe,powershell.exe,Real,0
12,2025-10-15T13:08:06Z,C:\Windows\System32\notepad.exe,6739,677,passwords.txt,C:\Users\Admin\Documents\passwords.txt,8ef4f4ee,3.76,2,2,3.45,notepad.exe,explorer.exe,Real,0
12,2025-10-15T12:14:08Z,C:\Windows\System32\trap.exe,5259,1486,passwords.txt,C:\Users\Admin\Documents\passwords.txt,df4da967,3.13,2,1,3.83,trap.exe,powershell.exe,Real,0
11,2025-10-15T13:01:49Z,C:\Windows\System32\powershell.exe,6487,1381,project.docx,C:\Users\Admin\honeypot\project.docx,076e51ab,7.76,9,10,0.4,powershell.exe,cmd.exe,Decoy,1
12,2025-10-15T12:27:25Z,C:\Windows\System32\winword.exe,6444,1210,secret.txt,C:\Users\Admin\Documents\secret.txt,a314036e,3.88,2,2,2.4,winword.exe,powershell.exe,Real,0
12,2025-10-15T13:43:52Z,C:\Windows\System32\enc.exe,2104,1035,project.docx,C:\Users\Admin\Documents\project.docx,8984b5e3,3.91,3,1,4.13,enc.exe,services.exe,Real,0
1,2025-10-15T12:19:50Z,C:\Windows\System32\notepad.exe,4052,649,secret.txt,C:\Users\Admin\honeypot\secret.txt,8dff7d85,7.8,9,10,0.16,notepad.exe,explorer.exe,Decoy,1
11,2025-10-15T12:27:51Z,C:\Windows\System32\notepad.exe,7301,1074,report.docx,C:\Users\Admin\honeypot\report.docx,361d6fca,7.69,13,6,0.37,notepad.exe,powershell.exe,Decoy,1
11,2025-10-15T13:34:36Z,C:\Windows\System32\notepad.exe,2440,513,passwords.txt,C:\Users\Admin\honeypot\passwords.txt,5cdb5dd8,7.97,10,9,0.49,notepad.exe,services.exe,Decoy,1
12,2025-10-15T13:24:43Z,C:\Windows\System32\crypt.exe,3585,801,data.csv,C:\Users\Admin\Documents\data.csv,a770fb9d,3.56,2,2,3.1,crypt.exe,cmd.exe,Real,0
11,2025-10-15T12:25:31Z,C:\Windows\System32\powershell.exe,6784,1366,report.docx,C:\Users\Admin\Documents\report.docx,1a186c70,3.14,2,0,3.67,powershell.exe,explorer.exe,Real,0
1,2025-10-15T13:03:40Z,C:\Windows\System32\powershell.exe,7422,808,secret.txt,C:\Users\Admin\honeypot\secret.txt,86db5e6e,7.68,15,9,0.41,powershell.exe,explorer.exe,Decoy,1
1,2025-10-15T12:09:57Z,C:\Windows\System32\enc.exe,6399,913,project.docx,C:\Users\Admin\honeypot\project.docx,054959af,7.25,11,9,0.3,enc.exe,cmd.exe,Decoy,1
11,2025-10-15T12:29:07Z,C:\Windows\System32\enc.exe,7319,509,secret.txt,C:\Users\Admin\Documents\secret.txt,43fb7c2e,2.83,4,2,4.26,enc.exe,powershell.exe,Real,0
1,2025-10-15T13:00:50Z,C:\Windows\System32\winword.exe,4101,1053,data.csv,C:\Users\Admin\honeypot\data.csv,87e80498,7.91,6,8,0.25,winword.exe,cmd.exe,Decoy,1
11,2025-10-15T13:10:34Z,C:\Windows\System32\enc.exe,2674,1470,report.docx,C:\Users\Admin\Documents\report.docx,dbe522d6,2.94,3,2,3.95,enc.exe,services.exe,Real,0
12,2025-10-15T13:25:35Z,C:\Windows\System32\cmd.exe,3684,1050,data.csv,C:\Users\Admin\Documents\data.csv,b8e84459,3.66,4,0,4.59,cmd.exe,cmd.exe,Real,0
1,2025-10-15T13:28:16Z,C:\Windows\System32\cmd.exe,3458,1313,passwords.txt,C:\Users\Admin\honeypot\passwords.txt,a70a1873,7.77,6,5,0.12,cmd.exe,cmd.exe,Decoy,1
11,2025-10-15T13:18:30Z,C:\Windows\System32\winword.exe,5190,1189,passwords.txt,C:\Users\Admin\Documents\passwords.txt,f37ceb39,3.18,3,0,3.21,winword.exe,powershell.exe,Real,0
12,2025-10-15T13:27:34Z,C:\Windows\System32\cmd.exe,4468,1121,report.docx,C:\Users\Admin\Documents\report.docx,3dd54c70,3.04,3,2,3.51,cmd.exe,explorer.exe,Real,0
11,2025-10-15T12:52:04Z,C:\Windows\System32\trap.exe,4416,1483,finance.xlsx,C:\Users\Admin\honeypot\finance.xlsx,1de3e820,7.63,11,9,0.15,trap.exe,explorer.exe,Decoy,1
12,2025-10-15T13:32:28Z,C:\Windows\System32\enc.exe,5228,1050,project.docx,C:\Users\Admin\honeypot\project.docx,7fa121b1,7.31,14,9,0.12,enc.exe,explorer.exe,Decoy,1
1,2025-10-15T12:41:36Z,C:\Windows\System32\winword.exe,3507,726,passwords.txt,C:\Users\Admin\Documents\passwords.txt,d153b219,3.86,2,0,4.55,winword.exe,powershell.exe,Real,0
12,2025-10-15T12:26:31Z,C:\Windows\System32\cmd.exe,7281,1062,project.docx,C:\Users\Admin\honeypot\project.docx,8c497a2b,7.88,13,8,0.44,cmd.exe,cmd.exe,Decoy,1
12,2025-10-15T12:34:13Z,C:\Windows\System32\cmd.exe,7369,740,project.docx,C:\Users\Admin\Documents\project.docx,0068c8fb,3.23,2,2,2.99,cmd.exe,cmd.exe,Real,0
11,2025-10-15T12:26:25Z,C:\Windows\System32\enc.exe,6643,873,secret.txt,C:\Users\Admin\Documents\secret.txt,7acf009e,3.42,2,2,2.92,enc.exe,services.exe,Real,0
1,2025-10-15T12:23:01Z,C:\Windows\System32\notepad.exe,3100,1195,finance.xlsx,C:\Users\Admin\honeypot\finance.xlsx,40f3d93f,7.77,9,7,0.36,notepad.exe,powershell.exe,Decoy,1
11,2025-10-15T13:03:11Z,C:\Windows\System32\crypt.exe,4298,1379,passwords.txt,C:\Users\Admin\honeypot\passwords.txt,7098322b,7.64,14,5,0.17,crypt.exe,powershell.exe,Decoy,1
1,2025-10-15T12:35:56Z,C:\Windows\System32\cmd.exe,3742,1428,project.docx,C:\Users\Admin\Documents\project.docx,bce8bc7c,3.45,4,2,4.44,cmd.exe,explorer.exe,Real,0
11,2025-10-15T13:14:12Z,C:\Windows\System32\crypt.exe,5806,1013,passwords.txt,C:\Users\Admin\honeypot\passwords.txt,09e5b070,7.38,9,6,0.41,crypt.exe,cmd.exe,Decoy,1
12,2025-10-15T12:49:40Z,C:\Windows\System32\notepad.exe,3467,1079,data.csv,C:\Users\Admin\honeypot\data.csv,880b0421,7.33,12,6,0.31,notepad.exe,cmd.exe,Decoy,1
1,2025-10-15T13:40:28Z,C:\Windows\System32\crypt.exe,3917,543,finance.xlsx,C:\Users\Admin\Documents\finance.xlsx,9b8599f2,3.64,3,1,2.7,crypt.exe,powershell.exe,Real,0
1,2025-10-15T12:52:59Z,C:\Windows\System32\crypt.exe,4240,1354,report.docx,C:\Users\Admin\honeypot\report.docx,0728f784,7.98,13,10,0.23,crypt.exe,services.exe,Decoy,1
12,2025-10-15T12:51:25Z,C:\Windows\System32\trap.exe,3825,1028,data.csv,C:\Users\Admin\Documents\data.csv,291bf14c,3.85,3,1,2.23,trap.exe,powershell.exe,Real,0
12,2025-10-15T13:06:28Z,C:\Windows\System32\crypt.exe,4300,716,finance.xlsx,C:\Users\Admin\honeypot\finance.xlsx,fe2e84c3,7.55,13,10,0.19,crypt.exe,explorer.exe,Decoy,1
11,2025-10-15T12:49:27Z,C:\Windows\System32\cmd.exe,3726,1104,secret.txt,C:\Users\Admin\Documents\secret.txt,43a25820,3.58,4,1,3.44,cmd.exe,cmd.exe,Real,0
1,2025-10-15T12:03:03Z,C:\Windows\System32\winword.exe,6688,650,project.docx,C:\Users\Admin\honeypot\project.docx,b1ff60d2,7.67,13,5,0.15,winword.exe,explorer.exe,Decoy,1
12,2025-10-15T12:24:34Z,C:\Windows\System32\trap.exe,5679,1121,data.csv,C:\Users\Admin\honeypot\data.csv,dee7c3ff,7.73,6,6,0.21,trap.exe,explorer.exe,Decoy,1
12,2025-10-15T12:23:17Z,C:\Windows\System32\winword.exe,7403,1023,finance.xlsx,C:\Users\Admin\honeypot\finance.xlsx,f736266d,7.84,7,9,0.43,winword.exe,services.exe,Decoy,1
11,2025-10-15T13:01:54Z,C:\Windows\System32\cmd.exe,7606,929,passwords.txt,C:\Users\Admin\honeypot\passwords.txt,535d6bd0,7.31,13,9,0.11,cmd.exe,cmd.exe,Decoy,1
12,2025-10-15T12:24:13Z,C:\Windows\System32\crypt.exe,6417,1347,project.docx,C:\Users\Admin\Documents\project.docx,157c7473,3.63,2,2,2.28,crypt.exe,explorer.exe,Real,0
1,2025-10-15T13:11:16Z,C:\Windows\System32\trap.exe,4871,1103,data.csv,C:\Users\Admin\honeypot\data.csv,8820a549,7.62,12,8,0.19,trap.exe,powershell.exe,Decoy,1
11,2025-10-15T12:58:05Z,C:\Windows\System32\powershell.exe,3548,505,finance.xlsx,C:\Users\Admin\Documents\finance.xlsx,e257b35a,3.87,4,1,2.25,powershell.exe,powershell.exe,Real,0
11,2025-10-15T13:18:54Z,C:\Windows\System32\cmd.exe,2873,658,data.csv,C:\Users\Admin\Documents\data.csv,1df4d88b,2.81,4,1,4.41,cmd.exe,explorer.exe,Real,0
12,2025-10-15T12:35:40Z,C:\Windows\System32\trap.exe,6522,1302,secret.txt,C:\Users\Admin\honeypot\secret.txt,680a886a,7.99,8,8,0.26,trap.exe,powershell.exe,Decoy,1
11,2025-10-15T12:50:32Z,C:\Windows\System32\crypt.exe,2975,1265,project.docx,C:\Users\Admin\Documents\project.docx,e176b1a9,3.02,2,2,4.12,crypt.exe,powershell.exe,Real,0
11,2025-10-15T12:13:41Z,C:\Windows\System32\winword.exe,5187,1487,project.docx,C:\Users\Admin\Documents\project.docx,c2aafe24,3.42,1,0,4.05,winword.exe,services.exe,Real,0
12,2025-10-15T13:52:24Z,C:\Windows\System32\powershell.exe,6989,538,passwords.txt,C:\Users\Admin\Documents\passwords.txt,a1ef85f7,2.63,3,0,2.79,powershell.exe,services.exe,Real,0
1,2025-10-15T13:23:49Z,C:\Windows\System32\explorer.exe,4342,699,data.csv,C:\Users\Admin\honeypot\data.csv,5da8eb9d,7.6,15,9,0.1,explorer.exe,explorer.exe,Decoy,1
11,2025-10-15T13:23:59Z,C:\Windows\System32\powershell.exe,5272,861,finance.xlsx,C:\Users\Admin\Documents\finance.xlsx,4da53099,3.48,1,1,4.93,powershell.exe,explorer.exe,Real,0
12,2025-10-15T13:20:01Z,C:\Windows\System32\winword.exe,6580,1436,data.csv,C:\Users\Admin\honeypot\data.csv,c6158232,7.25,9,10,0.14,winword.exe,explorer.exe,Decoy,1
12,2025-10-15T13:51:20Z,C:\Windows\System32\explorer.exe,3433,916,finance.xlsx,C:\Users\Admin\honeypot\finance.xlsx,45b922bf,7.56,5,7,0.26,explorer.exe,cmd.exe,Decoy,1
1,2025-10-15T13:08:41Z,C:\Windows\System32\explorer.exe,5627,1489,project.docx,C:\Users\Admin\Documents\project.docx,84d430be,3.94,3,2,4.63,explorer.exe,powershell.exe,Real,0
11,2025-10-15T13:45:07Z,C:\Windows\System32\winword.exe,2952,764,data.csv,C:\Users\Admin\honeypot\data.csv,a8764453,7.57,5,8,0.33,winword.exe,powershell.exe,Decoy,1
11,2025-10-15T13:32:25Z,C:\Windows\System32\winword.exe,4353,595,secret.txt,C:\Users\Admin\Documents\secret.txt,88245602,3.27,3,0,2.03,winword.exe,powershell.exe,Real,0
11,2025-10-15T12:10:22Z,C:\Windows\System32\powershell.exe,7596,1452,secret.txt,C:\Users\Admin\honeypot\secret.txt,caed3477,7.37,7,10,0.33,powershell.exe,services.exe,Decoy,1
12,2025-10-15T13:40:38Z,C:\Windows\System32\winword.exe,7067,864,finance.xlsx,C:\Users\Admin\honeypot\finance.xlsx,8aa12dab,7.9,8,6,0.18,winword.exe,cmd.exe,Decoy,1
12,2025-10-15T12:16:22Z,C:\Windows\System32\cmd.exe,5040,1135,report.docx,C:\Users\Admin\Documents\report.docx,a5ca4e0c,3.65,1,1,3.62,cmd.exe,services.exe,Real,0
11,2025-10-15T13:07:00Z,C:\Windows\System32\powershell.exe,5918,1462,finance.xlsx,C:\Users\Admin\honeypot\finance.xlsx,bb7a649e,7.8,13,8,0.15,powershell.exe,powershell.exe,Decoy,1
1,2025-10-15T12:53:45Z,C:\Windows\System32\powershell.exe,7522,715,data.csv,C:\Users\Admin\honeypot\data.csv,5760594c,7.61,5,5,0.23,powershell.exe,services.exe,Decoy,1
1,2025-10-15T12:44:25Z,C:\Windows\System32\enc.exe,3506,1010,project.docx,C:\Users\Admin\Documents\project.docx,4fd08e1c,2.89,3,1,2.81,enc.exe,powershell.exe,Real,0
11,2025-10-15T13:35:40Z,C:\Windows\System32\enc.exe,3872,1333,secret.txt,C:\Users\Admin\honeypot\secret.txt,1b72c12f,7.56,14,10,0.33,enc.exe,powershell.exe,Decoy,1
11,2025-10-15T13:49:47Z,C:\Windows\System32\winword.exe,2079,680,finance.xlsx,C:\Users\Admin\honeypot\finance.xlsx,e6d040e5,7.32,7,8,0.48,winword.exe,services.exe,Decoy,1
11,2025-10-15T13:55:58Z,C:\Windows\System32\enc.exe,7656,667,secret.txt,C:\Users\Admin\Documents\secret.txt,8d044be0,3.34,4,0,3.7,enc.exe,services.exe,Real,0
12,2025-10-15T13:05:03Z,C:\Windows\System32\cmd.exe,4819,520,secret.txt,C:\Users\Admin\honeypot\secret.txt,68bdeced,7.41,13,7,0.24,cmd.exe,services.exe,Decoy,1
11,2025-10-15T13:58:25Z,C:\Windows\System32\winword.exe,5121,1128,secret.txt,C:\Users\Admin\honeypot\secret.txt,05a8c345,7.46,12,5,0.3,winword.exe,cmd.exe,Decoy,1
11,2025-10-15T13:58:32Z,C:\Windows\System32\powershell.exe,3327,851,data.csv,C:\Users\Admin\Documents\data.csv,014f75f0,3.42,1,0,3.21,powershell.exe,powershell.exe,Real,0
12,2025-10-15T13:29:09Z,C:\Windows\System32\explorer.exe,6808,1033,data.csv,C:\Users\Admin\honeypot\data.csv,58635a5b,7.52,10,10,0.46,explorer.exe,powershell.exe,Decoy,1
1,2025-10-15T12:22:50Z,C:\Windows\System32\powershell.exe,3367,906,data.csv,C:\Users\Admin\honeypot\data.csv,be7b1310,7.39,6,6,0.2,powershell.exe,explorer.exe,Decoy,1
1,2025-10-15T13:59:58Z,C:\Windows\System32\crypt.exe,7063,659,passwords.txt,C:\Users\Admin\Documents\passwords.txt,c11bf944,3.29,1,1,4.99,crypt.exe,explorer.exe,Real,0
12,2025-10-15T12:42:14Z,C:\Windows\System32\winword.exe,2234,535,secret.txt,C:\Users\Admin\honeypot\secret.txt,d56140c8,7.55,13,6,0.15,winword.exe,cmd.exe,Decoy,1
12,2025-10-15T13:57:59Z,C:\Windows\System32\crypt.exe,6840,1111,secret.txt,C:\Users\Admin\honeypot\secret.txt,8a298b11,7.64,13,6,0.15,crypt.exe,services.exe,Decoy,1
11,2025-10-15T13:11:28Z,C:\Windows\System32\explorer.exe,5376,766,project.docx,C:\Users\Admin\honeypot\project.docx,6feb9bd0,7.38,9,7,0.14,explorer.exe,powershell.exe,Decoy,1
11,2025-10-15T12:00:00Z,C:\Windows\System32\powershell.exe,4454,509,passwords.txt,C:\Users\Admin\Documents\passwords.txt,732f1cf2,3.3,4,1,4.06,powershell.exe,powershell.exe,Real,0
12,2025-10-15T13:21:30Z,C:\Windows\System32\winword.exe,4047,667,secret.txt,C:\Users\Admin\honeypot\secret.txt,a0917d13,7.35,11,8,0.45,winword.exe,explorer.exe,Decoy,1
11,2025-10-15T13:53:06Z,C:\Windows\System32\trap.exe,7608,778,report.docx,C:\Users\Admin\honeypot\report.docx,a6c3aed1,7.54,14,10,0.2,trap.exe,cmd.exe,Decoy,1
1,2025-10-15T12:56:22Z,C:\Windows\System32\winword.exe,4229,1217,finance.xlsx,C:\Users\Admin\honeypot\finance.xlsx,67801057,7.43,14,8,0.35,winword.exe,explorer.exe,Decoy,1
1,2025-10-15T12:43:46Z,C:\Windows\System32\notepad.exe,3024,1232,project.docx,C:\Users\Admin\Documents\project.docx,e5313813,2.53,3,1,4.92,notepad.exe,cmd.exe,Real,0
1,2025-10-15T12:31:47Z,C:\Windows\System32\cmd.exe,5798,1213,passwords.txt,C:\Users\Admin\Documents\passwords.txt,2639b9b3,2.83,4,1,3.26,cmd.exe,cmd.exe,Real,0
11,2025-10-15T12:10:57Z,C:\Windows\System32\powershell.exe,5125,1348,passwords.txt,C:\Users\Admin\honeypot\passwords.txt,cb2f9779,7.26,8,7,0.29,powershell.exe,explorer.exe,Decoy,1
12,2025-10-15T12:52:32Z,C:\Windows\System32\crypt.exe,7455,713,report.docx,C:\Users\Admin\Documents\report.docx,d8f1196c,2.8,1,2,4.21,crypt.exe,cmd.exe,Real,0
12,2025-10-15T12:44:06Z,C:\Windows\System32\powershell.exe,3627,869,project.docx,C:\Users\Admin\honeypot\project.docx,3ec6606a,7.62,15,7,0.2,powershell.exe,explorer.exe,Decoy,1
11,2025-10-15T12:15:25Z,C:\Windows\System32\winword.exe,3991,509,report.docx,C:\Users\Admin\Documents\report.docx,27a18c77,2.75,1,1,2.83,winword.exe,services.exe,Real,0
1,2025-10-15T13:33:59Z,C:\Windows\System32\powershell.exe,7121,561,finance.xlsx,C:\Users\Admin\honeypot\finance.xlsx,e138ae57,7.33,14,7,0.14,powershell.exe,powershell.exe,Decoy,1
11,2025-10-15T13:35:45Z,C:\Windows\System32\cmd.exe,3580,521,finance.xlsx,C:\Users\Admin\Documents\finance.xlsx,9e2960b3,2.98,3,1,3.68,cmd.exe,cmd.exe,Real,0
1,2025-10-15T13:38:54Z,C:\Windows\System32\powershell.exe,6014,694,passwords.txt,C:\Users\Admin\honeypot\passwords.txt,9b031fa7,7.77,13,10,0.32,powershell.exe,powershell.exe,Decoy,1
12,2025-10-15T12:44:11Z,C:\Windows\System32\crypt.exe,4157,1054,project.docx,C:\Users\Admin\honeypot\project.docx,224b7f8a,7.33,12,7,0.31,crypt.exe,powershell.exe,Decoy,1
1,2025-10-15T13:45:56Z,C:\Windows\System32\trap.exe,7906,564,project.docx,C:\Users\Admin\Documents\project.docx,13eff8e6,3.79,2,1,4.33,trap.exe,cmd.exe,Real,0
12,2025-10-15T12:25:55Z,C:\Windows\System32\crypt.exe,6286,1174,secret.txt,C:\Users\Admin\honeypot\secret.txt,0fca88db,7.46,6,5,0.36,crypt.exe,cmd.exe,Decoy,1
1,2025-10-15T12:24:23Z,C:\Windows\System32\notepad.exe,6013,1038,passwords.txt,C:\Users\Admin\Documents\passwords.txt,4faf7d23,2.79,4,2,2.1,notepad.exe,cmd.exe,Real,0
12,2025-10-15T12:06:42Z,C:\Windows\System32\enc.exe,6025,1450,data.csv,C:\Users\Admin\honeypot\data.csv,c326cea7,7.26,8,10,0.47,enc.exe,cmd.exe,Decoy,1
12,2025-10-15T13:03:54Z,C:\Windows\System32\notepad.exe,2477,1343,data.csv,C:\Users\Admin\Documents\data.csv,14697343,3.91,3,2,3.25,notepad.exe,powershell.exe,Real,0
1,2025-10-15T13:40:15Z,C:\Windows\System32\cmd.exe,5156,694,finance.xlsx,C:\Users\Admin\Documents\finance.xlsx,4795ffd2,3.94,2,2,2.29,cmd.exe,powershell.exe,Real,0
12,2025-10-15T13:17:49Z,C:\Windows\System32\powershell.exe,7449,937,report.docx,C:\Users\Admin\Documents\report.docx,12cf205a,3.65,4,2,3.73,powershell.exe,services.exe,Real,0
12,2025-10-15T13:48:11Z,C:\Windows\System32\powershell.exe,4581,1063,secret.txt,C:\Users\Admin\Documents\secret.txt,6e4b3793,3.49,4,1,3.6,powershell.exe,services.exe,Real,0
12,2025-10-15T13:55:21Z,C:\Windows\System32\enc.exe,6469,719,passwords.txt,C:\Users\Admin\honeypot\passwords.txt,0236b983,7.86,8,9,0.23,enc.exe,services.exe,Decoy,1
11,2025-10-15T12:49:09Z,C:\Windows\System32\crypt.exe,6240,638,report.docx,C:\Users\Admin\honeypot\report.docx,13b4ece0,7.78,14,5,0.49,crypt.exe,services.exe,Decoy,1
1,2025-10-15T12:00:53Z,C:\Windows\System32\explorer.exe,6188,1069,secret.txt,C:\Users\Admin\honeypot\secret.txt,c80675ab,7.22,9,9,0.43,explorer.exe,cmd.exe,Decoy,1
11,2025-10-15T12:12:52Z,C:\Windows\System32\notepad.exe,4099,1330,finance.xlsx,C:\Users\Admin\Documents\finance.xlsx,0cda7978,2.71,2,0,3.1,notepad.exe,services.exe,Real,0
12,2025-10-15T13:17:41Z,C:\Windows\System32\winword.exe,6876,1157,secret.txt,C:\Users\Admin\honeypot\secret.txt,856b7b4e,7.83,14,5,0.17,winword.exe,explorer.exe,Decoy,1
11,2025-10-15T12:10:42Z,C:\Windows\System32\notepad.exe,7347,1369,passwords.txt,C:\Users\Admin\honeypot\passwords.txt,14446352,7.53,8,10,0.45,notepad.exe,powershell.exe,Decoy,1
11,2025-10-15T13:26:32Z,C:\Windows\System32\trap.exe,6115,1214,project.docx,C:\Users\Admin\Documents\project.docx,c62bd15f,2.56,2,1,3.62,trap.exe,explorer.exe,Real,0
12,2025-10-15T13:31:58Z,C:\Windows\System32\trap.exe,3212,635,project.docx,C:\Users\Admin\Documents\project.docx,2795eca5,3.26,3,1,2.67,trap.exe,services.exe,Real,0
11,2025-10-15T13:18:01Z,C:\Windows\System32\notepad.exe,5939,1072,report.docx,C:\Users\Admin\honeypot\report.docx,9b8f8423,7.52,7,6,0.27,notepad.exe,services.exe,Decoy,1
1,2025-10-15T13:29:03Z,C:\Windows\System32\winword.exe,2733,615,report.docx,C:\Users\Admin\honeypot\report.docx,84f75813,7.41,15,9,0.27,winword.exe,cmd.exe,Decoy,1
11,2025-10-15T12:49:52Z,C:\Windows\System32\enc.exe,4864,1131,secret.txt,C:\Users\Admin\honeypot\secret.txt,88d1d416,7.68,9,6,0.11,enc.exe,cmd.exe,Decoy,1
1,2025-10-15T13:25:05Z,C:\Windows\System32\powershell.exe,2446,748,finance.xlsx,C:\Users\Admin\honeypot\finance.xlsx,babb5ee1,7.36,6,5,0.25,powershell.exe,services.exe,Decoy,1
11,2025-10-15T13:58:36Z,C:\Windows\System32\explorer.exe,4718,714,data.csv,C:\Users\Admin\Documents\data.csv,1abf8e0c,3.71,4,0,2.92,explorer.exe,explorer.exe,Real,0
12,2025-10-15T12:27:49Z,C:\Windows\System32\explorer.exe,6775,1427,data.csv,C:\Users\Admin\Documents\data.csv,c9b2a4f3,3.99,1,1,4.09,explorer.exe,services.exe,Real,0
11,2025-10-15T12:34:52Z,C:\Windows\System32\powershell.exe,7363,1467,finance.xlsx,C:\Users\Admin\Documents\finance.xlsx,1ca40a7f,3.68,1,1,3.85,powershell.exe,explorer.exe,Real,0
1,2025-10-15T13:30:09Z,C:\Windows\System32\explorer.exe,5118,1020,report.docx,C:\Users\Admin\honeypot\report.docx,e59021a8,7.43,11,6,0.45,explorer.exe,powershell.exe,Decoy,1
1,2025-10-15T12:43:04Z,C:\Windows\System32\crypt.exe,4026,1444,finance.xlsx,C:\Users\Admin\Documents\finance.xlsx,4aed3bce,3.25,1,0,3.37,crypt.exe,explorer.exe,Real,0
1,2025-10-15T13:06:53Z,C:\Windows\System32\trap.exe,6106,782,secret.txt,C:\Users\Admin\honeypot\secret.txt,b13370df,7.75,9,6,0.24,trap.exe,cmd.exe,Decoy,1
12,2025-10-15T13:59:58Z,C:\Windows\System32\trap.exe,3124,589,secret.txt,C:\Users\Admin\honeypot\secret.txt,a1ebc387,7.38,11,10,0.24,trap.exe,explorer.exe,Decoy,1
11,2025-10-15T12:56:58Z,C:\Windows\System32\winword.exe,7345,641,secret.txt,C:\Users\Admin\Documents\secret.txt,0b78484b,3.86,2,0,2.99,winword.exe,cmd.exe,Real,0
12,2025-10-15T13:57:46Z,C:\Windows\System32\powershell.exe,7375,1455,data.csv,C:\Users\Admin\Documents\data.csv,0ef4e4fb,3.85,4,0,4.73,powershell.exe,powershell.exe,Real,0
1,2025-10-15T12:43:20Z,C:\Windows\System32\cmd.exe,5391,1484,secret.txt,C:\Users\Admin\Documents\secret.txt,cd649755,3.76,1,1,2.44,cmd.exe,explorer.exe,Real,0
1,2025-10-15T13:41:48Z,C:\Windows\System32\explorer.exe,4186,1120,report.docx,C:\Users\Admin\honeypot\report.docx,45330c78,7.31,14,9,0.11,explorer.exe,cmd.exe,Decoy,1
12,2025-10-15T13:21:25Z,C:\Windows\System32\winword.exe,6115,1366,report.docx,C:\Users\Admin\Documents\report.docx,2a215c3f,3.04,4,0,4.06,winword.exe,cmd.exe,Real,0
11,2025-10-15T12:25:07Z,C:\Windows\System32\trap.exe,4210,1473,finance.xlsx,C:\Users\Admin\honeypot\finance.xlsx,ce3767d9,7.33,11,5,0.19,trap.exe,services.exe,Decoy,1
1,2025-10-15T13:43:27Z,C:\Windows\System32\winword.exe,4021,937,passwords.txt,C:\Users\Admin\Documents\passwords.txt,41a9f2be,3.8,3,1,3.47,winword.exe,explorer.exe,Real,0
11,2025-10-15T13:23:00Z,C:\Windows\System32\trap.exe,2895,962,project.docx,C:\Users\Admin\Documents\project.docx,905e4d8e,3.91,1,2,3.72,trap.exe,powershell.exe,Real,0
12,2025-10-15T13:59:50Z,C:\Windows\System32\winword.exe,4385,950,report.docx,C:\Users\Admin\Documents\report.docx,ba95d206,3.34,1,0,3.55,winword.exe,services.exe,Real,0
1,2025-10-15T13:45:37Z,C:\Windows\System32\explorer.exe,5797,1349,passwords.txt,C:\Users\Admin\honeypot\passwords.txt,3b16499f,7.44,13,6,0.47,explorer.exe,services.exe,Decoy,1
12,2025-10-15T13:38:39Z,C:\Windows\System32\cmd.exe,2204,683,data.csv,C:\Users\Admin\Documents\data.csv,d9817543,3.32,3,1,3.18,cmd.exe,cmd.exe,Real,0
11,2025-10-15T13:02:04Z,C:\Windows\System32\cmd.exe,3012,593,data.csv,C:\Users\Admin\Documents\data.csv,c345518e,3.47,2,2,4.13,cmd.exe,powershell.exe,Real,0
12,2025-10-15T13:26:34Z,C:\Windows\System32\enc.exe,3309,887,data.csv,C:\Users\Admin\honeypot\data.csv,e1df03bf,7.51,13,9,0.42,enc.exe,explorer.exe,Decoy,1
12,2025-10-15T13:44:53Z,C:\Windows\System32\powershell.exe,7833,552,data.csv,C:\Users\Admin\Documents\data.csv,29659c17,3.79,2,0,2.49,powershell.exe,powershell.exe,Real,0
12,2025-10-15T13:39:41Z,C:\Windows\System32\crypt.exe,7100,1283,finance.xlsx,C:\Users\Admin\honeypot\finance.xlsx,fca1d282,7.29,8,5,0.15,crypt.exe,powershell.exe,Decoy,1
12,2025-10-15T13:07:56Z,C:\Windows\System32\crypt.exe,5359,952,passwords.txt,C:\Users\Admin\honeypot\passwords.txt,0ec80317,7.39,12,8,0.34,crypt.exe,explorer.exe,Decoy,1
1,2025-10-15T12:33:24Z,C:\Windows\System32\explorer.exe,2265,1183,finance.xlsx,C:\Users\Admin\Documents\finance.xlsx,4d3ef07e,2.72,1,0,3.96,explorer.exe,cmd.exe,Real,0
1,2025-10-15T12:45:12Z,C:\Windows\System32\cmd.exe,7414,1208,passwords.txt,C:\Users\Admin\honeypot\passwords.txt,aa1059a7,7.99,9,9,0.16,cmd.exe,explorer.exe,Decoy,1
1,2025-10-15T13:02:10Z,C:\Windows\System32\enc.exe,6509,566,secret.txt,C:\Users\Admin\Documents\secret.txt,673e5099,2.98,1,1,4.69,enc.exe,explorer.exe,Real,0
12,2025-10-15T12:16:39Z,C:\Windows\System32\explorer.exe,6680,1247,passwords.txt,C:\Users\Admin\Documents\passwords.txt,79d62056,3.29,1,0,4.09,explorer.exe,powershell.exe,Real,0
12,2025-10-15T13:06:02Z,C:\Windows\System32\explorer.exe,7032,1076,secret.txt,C:\Users\Admin\Documents\secret.txt,8422ebed,2.89,3,0,3.73,explorer.exe,services.exe,Real,0
12,2025-10-15T13:07:14Z,C:\Windows\System32\powershell.exe,7123,1315,secret.txt,C:\Users\Admin\honeypot\secret.txt,79155889,7.98,5,8,0.1,powershell.exe,cmd.exe,Decoy,1
1,2025-10-15T13:49:10Z,C:\Windows\System32\trap.exe,7247,706,secret.txt,C:\Users\Admin\Documents\secret.txt,2802276a,3.02,2,0,4.42,trap.exe,services.exe,Real,0
11,2025-10-15T13:47:53Z,C:\Windows\System32\cmd.exe,4730,849,project.docx,C:\Users\Admin\honeypot\project.docx,8d451e58,7.64,6,10,0.41,cmd.exe,powershell.exe,Decoy,1
11,2025-10-15T13:53:36Z,C:\Windows\System32\powershell.exe,7289,639,secret.txt,C:\Users\Admin\Documents\secret.txt,5ccddf17,3.88,4,0,3.44,powershell.exe,cmd.exe,Real,0
11,2025-10-15T13:58:07Z,C:\Windows\System32\enc.exe,7555,823,data.csv,C:\Users\Admin\honeypot\data.csv,510132f9,7.24,14,10,0.31,enc.exe,services.exe,Decoy,1
1,2025-10-15T12:28:26Z,C:\Windows\System32\enc.exe,6376,1362,finance.xlsx,C:\Users\Admin\Documents\finance.xlsx,fd925147,2.92,4,2,2.09,enc.exe,powershell.exe,Real,0
12,2025-10-15T12:25:35Z,C:\Windows\System32\cmd.exe,3946,880,secret.txt,C:\Users\Admin\honeypot\secret.txt,b604e63e,7.77,6,8,0.21,cmd.exe,powershell.exe,Decoy,1
1,2025-10-15T12:29:30Z,C:\Windows\System32\explorer.exe,6145,525,secret.txt,C:\Users\Admin\honeypot\secret.txt,c959ca92,7.83,6,8,0.41,explorer.exe,cmd.exe,Decoy,1
12,2025-10-15T12:25:58Z,C:\Windows\System32\enc.exe,7543,635,project.docx,C:\Users\Admin\Documents\project.docx,8778ae2f,2.97,1,2,2.98,enc.exe,services.exe,Real,0
1,2025-10-15T13:02:43Z,C:\Windows\System32\trap.exe,5824,1410,secret.txt,C:\Users\Admin\Documents\secret.txt,74c62637,3.9,1,1,4.06,trap.exe,explorer.exe,Real,0
11,2025-10-15T12:03:04Z,C:\Windows\System32\explorer.exe,7497,620,finance.xlsx,C:\Users\Admin\honeypot\finance.xlsx,c77afb2d,7.35,10,8,0.21,explorer.exe,cmd.exe,Decoy,1
12,2025-10-15T12:37:21Z,C:\Windows\System32\cmd.exe,4609,777,project.docx,C:\Users\Admin\Documents\project.docx,0f86a86d,3.27,3,2,2.62,cmd.exe,explorer.exe,Real,0
1,2025-10-15T13:18:22Z,C:\Windows\System32\winword.exe,3065,529,secret.txt,C:\Users\Admin\honeypot\secret.txt,6e7f4dc4,7.69,12,5,0.24,winword.exe,cmd.exe,Decoy,1
1,2025-10-15T12:14:27Z,C:\Windows\System32\trap.exe,4913,819,passwords.txt,C:\Users\Admin\Documents\passwords.txt,6be41180,3.09,4,2,4.11,trap.exe,explorer.exe,Real,0
12,2025-10-15T13:37:20Z,C:\Windows\System32\cmd.exe,5732,817,finance.xlsx,C:\Users\Admin\Documents\finance.xlsx,d0551f9e,2.64,4,0,4.41,cmd.exe,services.exe,Real,0
1,2025-10-15T13:04:14Z,C:\Windows\System32\winword.exe,7449,838,project.docx,C:\Users\Admin\honeypot\project.docx,9f2e22c6,7.41,7,10,0.25,winword.exe,cmd.exe,Decoy,1
1,2025-10-15T13:01:53Z,C:\Windows\System32\crypt.exe,4855,1118,passwords.txt,C:\Users\Admin\honeypot\passwords.txt,881022f8,7.29,7,7,0.29,crypt.exe,explorer.exe,Decoy,1
12,2025-10-15T12:55:23Z,C:\Windows\System32\cmd.exe,6837,923,data.csv,C:\Users\Admin\Documents\data.csv,49fb78b6,2.61,4,1,2.91,cmd.exe,powershell.exe,Real,0
11,2025-10-15T13:14:48Z,C:\Windows\System32\powershell.exe,6646,1306,report.docx,C:\Users\Admin\Documents\report.docx,164d88e2,3.01,4,1,4.44,powershell.exe,services.exe,Real,0
1,2025-10-15T12:23:37Z,C:\Windows\System32\cmd.exe,3443,815,project.docx,C:\Users\Admin\Documents\project.docx,43abef19,3.39,1,1,2.98,cmd.exe,services.exe,Real,0
11,2025-10-15T13:21:40Z,C:\Windows\System32\cmd.exe,6757,1424,passwords.txt,C:\Users\Admin\Documents\passwords.txt,30cf9455,3.47,2,0,2.18,cmd.exe,services.exe,Real,0
11,2025-10-15T13:43:21Z,C:\Windows\System32\powershell.exe,3684,1197,project.docx,C:\Users\Admin\Documents\project.docx,fbdbc788,2.94,4,0,3.85,powershell.exe,cmd.exe,Real,0
12,2025-10-15T13:17:51Z,C:\Windows\System32\explorer.exe,5311,1367,secret.txt,C:\Users\Admin\honeypot\secret.txt,1eb0df77,7.99,14,9,0.33,explorer.exe,services.exe,Decoy,1
1,2025-10-15T12:08:31Z,C:\Windows\System32\enc.exe,2255,740,data.csv,C:\Users\Admin\honeypot\data.csv,003b704f,7.65,6,7,0.49,enc.exe,explorer.exe,Decoy,1
11,2025-10-15T13:25:21Z,C:\Windows\System32\enc.exe,3139,692,passwords.txt,C:\Users\Admin\honeypot\passwords.txt,dfba488c,7.55,7,8,0.18,enc.exe,services.exe,Decoy,1
11,2025-10-15T13:54:40Z,C:\Windows\System32\trap.exe,3179,1238,data.csv,C:\Users\Admin\honeypot\data.csv,e6512830,7.3,15,5,0.1,trap.exe,cmd.exe,Decoy,1
12,2025-10-15T12:18:32Z,C:\Windows\System32\cmd.exe,7105,684,passwords.txt,C:\Users\Admin\honeypot\passwords.txt,e7f298b4,7.89,14,8,0.46,cmd.exe,cmd.exe,Decoy,1
11,2025-10-15T13:15:22Z,C:\Windows\System32\crypt.exe,7987,742,finance.xlsx,C:\Users\Admin\honeypot\finance.xlsx,d4a97c0c,7.35,14,8,0.34,crypt.exe,services.exe,Decoy,1
1,2025-10-15T12:56:05Z,C:\Windows\System32\enc.exe,7656,581,project.docx,C:\Users\Admin\honeypot\project.docx,a1b0add2,7.59,14,8,0.25,enc.exe,explorer.exe,Decoy,1
1,2025-10-15T13:03:28Z,C:\Windows\System32\cmd.exe,7603,1148,passwords.txt,C:\Users\Admin\honeypot\passwords.txt,c0bdfa76,7.7,15,5,0.37,cmd.exe,explorer.exe,Decoy,1
12,2025-10-15T13:23:42Z,C:\Windows\System32\notepad.exe,4715,931,report.docx,C:\Users\Admin\honeypot\report.docx,31a31995,7.58,12,9,0.31,notepad.exe,powershell.exe,Decoy,1
12,2025-10-15T12:39:29Z,C:\Windows\System32\powershell.exe,2503,1144,project.docx,C:\Users\Admin\honeypot\project.docx,0a77171b,7.8,14,7,0.39,powershell.exe,explorer.exe,Decoy,1
12,2025-10-15T13:18:12Z,C:\Windows\System32\notepad.exe,2629,1371,project.docx,C:\Users\Admin\Documents\project.docx,3ef365ad,2.54,2,2,3.45,notepad.exe,powershell.exe,Real,0
